Word,Count,Total Sold,Approximate Revenue,Rating Average,Shopee Mall,SM Rating Average,SM Approximate Revenue,SM Sold,Normal Shop,NS Rating Average,NS Approximate Revenue,NS Sold
thời trang,2121,32098,4290856952.0,1.5112151241613607,523,4.599648051269409,4230485320.0,31823,1598,0.5004201173544087,60371632.0,275
sơ mi,1549,6440,2270745414.0,3.0898355265573025,768,4.36925482570368,2199263220.0,6211,781,1.8317125793813505,71482194.0,229
áo sơ,1523,6356,2249436414.0,3.079816122847489,752,4.379188262575844,2177954220.0,6127,771,1.8124648270294317,71482194.0,229
cao cấp,1416,35579,6607730264.0,2.832964084318312,500,4.51818588143439,6410605540.0,34815,916,1.9130831906959984,197124724.0,764
có sẵn,761,89,16803995.0,0.24343965276948193,0,,0.0,0,761,0.24343965276948193,16803995.0,89
hàng có,760,89,16803995.0,0.24375996810207334,0,,0.0,0,760,0.24375996810207334,16803995.0,89
phong cách,1094,9081,1444885441.0,1.3348322220466229,252,4.3946190471778985,1423875050.0,8980,842,0.4190765451664786,21010391.0,101
áo thun,1080,55001,10409887803.0,2.8306086784395803,588,4.609980866621764,10401263340.0,54970,492,0.7040419169535541,8624463.0,31
cho nam,1085,492,76994483.0,0.5690947578266091,10,4.8898549854426685,34555630.0,244,1075,0.5289016394301806,42438853.0,248
áo khoác,805,13071,3569926590.0,2.3116081876606875,268,4.1918834000290905,3438588430.0,12589,537,1.3732213032757112,131338160.0,482
thể thao,781,71693,10637200136.0,3.2188902580792447,427,4.7300991094679095,10609088740.0,71566,354,1.3960479429861394,28111396.0,127
mi nam,801,2368,675182949.0,2.562499330879308,172,4.520646984098385,613453520.0,2206,629,2.0270440107621677,61729429.0,162
hàn quốc,788,12067,1590277637.0,2.463674350910019,317,4.547781288151285,1563234540.0,11961,471,1.0609951596032647,27043097.0,106
dài tay,724,21489,5025778559.0,3.6968649835719836,537,4.381065189172546,5004420030.0,21408,187,1.7320761578634205,21358529.0,81
co giãn,701,42800,6280394353.0,4.008098361728432,423,4.5832734643376,6265684310.0,42601,278,3.1329218566792294,14710043.0,199
mùa hè,681,473,84840400.0,0.6060104008975489,28,4.729946428690021,72124000.0,404,653,0.42918006586203705,12716400.0,69
chất liệu,659,8755,1866804650.0,3.6406335935145298,530,4.10045703931049,1853583650.0,8722,129,1.7514364906319018,13221000.0,33
ngắn tay,653,6773,1134031542.0,3.212852907750802,424,4.363979241839615,1119626000.0,6723,229,1.0815098262937852,14405542.0,50
trang mùa,626,35,7969790.0,0.2241746538871139,0,,0.0,0,626,0.2241746538871139,7969790.0,35
quần short,642,11843,2040216312.0,2.174443189608868,241,4.458083789596596,2031574180.0,11803,401,0.8019808838805824,8642132.0,40
áo polo,548,31715,6513495416.0,3.904994832291958,442,4.557154226461522,6512170800.0,31709,106,1.18561320754717,1324616.0,6
họa tiết,540,4140,600215202.0,1.5296791805638938,122,4.440691588650778,579638160.0,4096,418,0.6800535494954733,20577042.0,44
tay ngắn,541,3536,593535722.0,2.0846392407259122,139,4.61718181623138,568280000.0,3477,402,1.2089590964590964,25255722.0,59
thương hiệu,540,47412,9494859700.0,4.117165551094292,380,4.683212700384272,9490071300.0,47328,160,2.7728035715305936,4788400.0,84
24 giờ,478,20,5823107.0,0.1506276150627615,0,,0.0,0,478,0.1506276150627615,5823107.0,20
ảnh 100,479,218,78555681.0,1.6816789534167875,0,,0.0,0,479,1.6816789534167875,78555681.0,218
hình ảnh,479,218,78555681.0,1.6816789534167875,0,,0.0,0,479,1.6816789534167875,78555681.0,218
chuẩn hình,476,225,81348681.0,1.6857450202637507,0,,0.0,0,476,1.6857450202637507,81348681.0,225
cấp chuẩn,5,138,32882000.0,4.877068750369115,5,4.877068750369115,32882000.0,138,0,,0.0,0
qc cao,458,192,70501336.0,1.559698803925144,0,,0.0,0,458,1.559698803925144,70501336.0,192
hàng qc,455,198,72736536.0,1.5262343652421033,0,,0.0,0,455,1.5262343652421033,72736536.0,198
trẻ trung,450,29774,5744628871.0,3.5224222202142887,315,4.453061206022,5737637300.0,29755,135,1.3509312533296274,6991571.0,19
bản supper,432,196,72737876.0,1.550503646773453,0,,0.0,0,432,1.550503646773453,72737876.0,196
cổ tròn,430,10698,1878749996.0,2.9003013634045214,215,4.6375614277688335,1856187550.0,10618,215,1.1630412990402097,22562446.0,80
sẵn hàng,1,1,198000.0,4.375,0,,0.0,0,1,4.375,198000.0,1
supper hàng,426,180,67900536.0,1.5171375443616935,0,,0.0,0,426,1.5171375443616935,67900536.0,180
dành cho,401,897,153814454.0,1.2458058751335628,10,4.719286947259038,129994490.0,701,391,1.1569700420868754,23819964.0,196
thoáng mát,388,6575,867949677.0,4.508659396525239,240,4.549600313960043,863869820.0,6487,148,4.442268719603935,4079857.0,88
nam tay,375,2858,499011000.0,2.067062962386682,62,4.465402582279918,472667000.0,2799,313,1.591992494548405,26344000.0,59
mi dài,357,1740,857114900.0,4.25523040585728,352,4.315674019576844,857114900.0,1740,5,0.0,0.0,0
sẵn quần,1,2,322000.0,0.0,0,,0.0,0,1,0.0,322000.0,2
nam owen,349,1524,730910490.0,4.273784729025177,349,4.273784729025177,730910490.0,1524,0,,0.0,0
thiết kế,337,13017,2807020564.0,3.8476422399777555,266,4.663880840448768,2806499500.0,13015,71,0.789621567790582,521064.0,2
thun nam,341,20964,2571627650.0,3.616961622117871,247,4.580203039964248,2570841650.0,20958,94,1.085891087989623,786000.0,6
polo nam,335,24501,4503723350.0,4.2662568636602165,271,4.684917771191288,4497533350.0,24484,64,2.493489583333333,6190000.0,17
màu xanh,335,990,412754710.0,2.82360471879375,176,4.039430032154136,396686980.0,937,159,1.4777855040048937,16067730.0,53
fit màu,385,1802,897983410.0,4.0633681744270795,383,4.058850141768362,897455410.0,1801,2,4.928571428571429,528000.0,1
hiệu coolmate,322,43113,9031805300.0,4.655201576419152,322,4.655201576419152,9031805300.0,43113,0,,0.0,0
dày dặn,322,13048,2706288833.0,2.99005544968284,181,4.408920015016159,2694982580.0,13014,141,1.1686761140421964,11306253.0,34
tay dài,318,3172,653876699.0,1.5991875920199405,41,4.655343680719869,628827280.0,3070,277,1.146832358674464,25049419.0,102
cách hàn,317,4221,617709747.0,1.4883051034732204,79,4.574593876122903,611012050.0,4193,238,0.4638647125516874,6697697.0,28
thoáng khí,317,22855,3262564044.0,3.4864267292789233,194,4.712332390831632,3257747440.0,22757,123,1.552884466342131,4816604.0,98
tay nam,314,3341,1148057740.0,4.369027551953549,309,4.368526379655062,1148057740.0,3341,5,4.4,0.0,0
nam nữ,309,12100,1610035878.0,3.369165814248622,206,4.235246908364837,1605829300.0,12062,103,1.6370036260161922,4206578.0,38
nam cổ,299,15682,1829642160.0,3.719692057581063,200,4.6549375253862095,1816568160.0,15633,99,1.8303072741363235,13074000.0,49
thao nam,281,37376,6395444997.0,4.0674572542679375,200,4.8281154272146845,6383371190.0,37315,81,2.1892889260043633,12073807.0,61
thoải mái,281,33451,5007692274.0,4.309984106742092,230,4.580697586414521,5005186380.0,33423,51,3.089119394493878,2505894.0,28
quần lót,272,28103,5022339642.0,4.439551895578249,138,4.777803668618087,5017551260.0,27993,134,4.091203054686474,4788382.0,110
sẵn sàng,280,12,2068651.0,0.05,0,,0.0,0,280,0.05,2068651.0,12
thấm hút,279,14701,2067993489.0,4.619172818696105,172,4.716009672850657,2064335290.0,14635,107,4.463509838185986,3658199.0,66
chất vải,278,24378,2518769932.0,4.329045114089107,77,4.656172253388606,2491573890.0,24192,201,4.2037277522679055,27196042.0,186
áo len,271,9702,1730565986.0,4.193499823958924,220,4.564934390394853,1713131530.0,9631,51,2.5912330667843326,17434456.0,71
slim fit,273,1419,731265590.0,4.108132178767974,239,4.428256979652678,728038270.0,1415,34,1.8578431372549018,3227320.0,4
cho nữ,272,36,4843359.0,0.5171714621163152,0,,0.0,0,272,0.5171714621163152,4843359.0,36
sang trọng,269,12226,3388884998.0,3.442072756713655,182,4.39658921541285,3372687400.0,12177,87,1.4452682109291304,16197598.0,49
quần dài,269,7226,1968917284.0,0.7676447865337305,29,4.565704743181017,1960853000.0,7174,240,0.30871254177218327,8064284.0,52
dáng rộng,256,426,69085448.0,0.5064727753172816,17,4.8229625773269085,64362280.0,386,239,0.199442119944212,4723168.0,40
thu đông,251,8127,2335487418.0,0.9521203809110593,39,4.47959484958014,2273539580.0,7814,212,0.30319819092004896,61947838.0,313
regular fit,251,2928,905788860.0,4.1586196451179935,251,4.1586196451179935,905788860.0,2928,0,,0.0,0
trong vòng,248,10,2789336.0,0.18951612903225806,0,,0.0,0,248,0.18951612903225806,2789336.0,10
vòng 24,248,10,2789336.0,0.18951612903225806,0,,0.0,0,248,0.18951612903225806,2789336.0,10
mềm mại,244,16644,2244857603.0,4.182592055190791,222,4.427353430029518,2244199540.0,16640,22,1.7127272727272727,658063.0,4
khoác nam,223,5776,1313730030.0,2.884987720960545,67,4.450802376397377,1275333130.0,5700,156,2.2124904009972894,38396900.0,76
đùi nam,187,12526,1167315783.0,4.775431826783855,69,4.757624100693168,1163594690.0,12390,118,4.785844819158917,3721093.0,136
mồ hôi,237,2570,400491779.0,4.447712036986065,146,4.426922099868714,396771000.0,2499,91,4.481067320712805,3720779.0,71
thun lạnh,234,4332,471310176.0,4.68688015793526,50,4.895193143548904,466998960.0,4181,184,4.630273368366336,4311216.0,151
mềm mịn,225,14377,1868180530.0,4.239622147989222,195,4.38985339931895,1844489230.0,14244,30,3.2631190143459934,23691300.0,133
ống rộng,227,482,96837550.0,0.6250227981964497,16,4.8675109494121305,91887000.0,452,211,0.3033175355450237,4950550.0,30
nam khatoco,223,135,50322000.0,2.731214259149709,0,,0.0,0,223,2.731214259149709,50322000.0,135
hè cho,220,13,2629662.0,0.2075757575757576,0,,0.0,0,220,0.2075757575757576,2629662.0,13
quần tây,217,2019,521606803.0,3.4641918251154107,119,4.364350287285149,486491250.0,1851,98,2.3711422639092987,35115553.0,168
màu đen,209,2170,387165424.0,2.7171227774452076,96,3.875303592456749,378501000.0,2133,113,1.733181554072571,8664424.0,37
cổ bẻ,206,2627,540576950.0,3.472586999160701,100,4.498289832656658,539941950.0,2624,106,2.504942816617345,635000.0,3
hàng sẵn,208,12,2068651.0,0.0673076923076923,0,,0.0,0,208,0.0673076923076923,2068651.0,12
body fit,206,522,260540000.0,4.291146042722889,206,4.291146042722889,260540000.0,522,0,,0.0,0
năng động,201,16330,2934472498.0,2.5560739676233903,102,4.636479093061779,2933006900.0,16324,99,0.4126262626262626,1465598.0,6
mi ngắn,200,458,237198800.0,4.026493746948411,182,4.312855906762131,233040800.0,436,18,1.131054131054131,4158000.0,22
vải thun,199,10781,786081132.0,4.699989573826931,34,4.919098609006191,781987600.0,10637,165,4.654839833244538,4093532.0,144
xanh mã,194,43,16934000.0,1.2002945508100147,0,,0.0,0,194,1.2002945508100147,16934000.0,43
trang xuân,192,8,2156823.0,0.203125,0,,0.0,0,192,0.203125,2156823.0,8
short nam,178,5937,1139001762.0,3.341039944666454,91,4.509991929634352,1131529360.0,5905,87,2.1183430408494575,7472402.0,32
lót nam,178,17432,3091189576.0,4.073644225056749,105,4.604644608659926,3087867260.0,17378,73,3.309876550011084,3322316.0,54
quần sịp,168,1911,222411249.0,4.647397022276657,33,4.781596423224156,219047620.0,1773,135,4.614592724267268,3363629.0,138
trang hàn,177,1159,197157607.0,3.0527014756709323,113,4.504084022363614,195783940.0,1152,64,0.4901041666666667,1373667.0,7
túi đeo,175,2014,170263000.0,4.306850209171033,175,4.306850209171033,170263000.0,2014,0,,0.0,0
form rộng,171,3358,598163620.0,4.358896116138013,156,4.604516469185471,597225620.0,3356,15,1.8044444444444447,938000.0,2
quần jean,241,858,428117804.0,2.2851620700158204,71,4.143231039560659,424060000.0,846,170,1.5091450297941524,4057804.0,12
thanh lịch,169,11669,3300026000.0,4.206649481822522,156,4.28583608394021,3295488000.0,11666,13,3.2564102564102564,4538000.0,3
dáng ôm,168,59,7641964.0,0.8130960835680476,19,4.786901180609939,4319900.0,39,149,0.3063692591130412,3322064.0,20
trang thu,167,5,1329489.0,0.11976047904191617,0,,0.0,0,167,0.11976047904191617,1329489.0,5
len nam,163,7017,1236984170.0,4.395613307184699,129,4.682529987437137,1220455170.0,6949,34,3.30701766740339,16529000.0,68
nhanh chóng,164,4,1170934.0,0.21951219512195122,0,,0.0,0,164,0.21951219512195122,1170934.0,4
đeo chéo,162,2079,190057000.0,4.360233353184036,162,4.360233353184036,190057000.0,2079,0,,0.0,0
quần áo,156,3344,1067384944.0,3.0134565669814344,74,4.832760744876315,1064980000.0,3329,82,1.3716454796128843,2404944.0,15
vải cotton,159,5385,902404800.0,4.004024032736903,131,4.488902397567154,901708300.0,5381,28,1.7354859687096529,696500.0,4
combo quần,76,21,1753376.0,4.642851074758969,0,,0.0,0,76,4.642851074758969,1753376.0,21
hàng mới,155,3,903724.0,0.2678556658395368,0,,0.0,0,155,0.2678556658395368,903724.0,3
lưng cao,152,95,13065533.0,0.27055241409308395,0,,0.0,0,152,0.27055241409308395,13065533.0,95
cá tính,151,628,72953088.0,2.158540399717663,62,4.32698280146291,69091000.0,613,89,0.6479400749063671,3862088.0,15
nỉ nam,141,9347,1988893246.0,2.719649820421692,59,4.710287937556309,1979033500.0,9321,82,1.2873614190687361,9859746.0,26
giao hàng,149,5,1431355.0,0.0738255033557047,0,,0.0,0,149,0.0738255033557047,1431355.0,5
hàng nhanh,149,5,1431355.0,0.0738255033557047,0,,0.0,0,149,0.0738255033557047,1431355.0,5
hút mồ,147,2012,280214851.0,4.577945393745945,54,4.818968980678857,276639000.0,1941,93,4.437996214236512,3575851.0,71
tóc nhanh,143,5,1347343.0,0.24475524475524477,0,,0.0,0,143,0.24475524475524477,1347343.0,5
màu trắng,142,593,158808029.0,3.3851790654351057,82,4.247660069566872,155301060.0,581,60,2.2064550264550262,3506969.0,12
nam 5s,141,4906,1137891000.0,4.749987966743347,141,4.749987966743347,1137891000.0,4906,0,,0.0,0
áo sweater,144,4690,1426828000.0,1.522288963992979,49,4.47366552683651,1426828000.0,4690,95,0.0,0.0,0
kẻ sọc,138,1948,288737975.0,1.6548562273135807,32,4.292817480289817,282724500.0,1931,106,0.8584905660377359,6013475.0,17
cách trung,139,13,2386235.0,0.2158273381294964,0,,0.0,0,139,0.2158273381294964,2386235.0,13
nam dài,140,6871,1298254640.0,2.962465226963141,73,4.500964360042632,1281277640.0,6786,67,1.2861900521153389,16977000.0,85
xuân thu,137,7,1904348.0,0.17518248175182483,0,,0.0,0,137,0.17518248175182483,1904348.0,7
cá sấu,135,23905,3584032000.0,4.180074998482821,115,4.778240215610269,3584032000.0,23905,20,0.740625,0.0,0
áo nỉ,131,6323,1474609581.0,2.435794773304805,46,4.894252315891297,1470596080.0,6311,85,1.1053353973168214,4013501.0,12
vận động,131,21146,2572029303.0,4.599930211971799,89,4.618579175531077,2570192990.0,21091,42,4.560412170143804,1836313.0,55
trung hoa,131,5,1366236.0,0.21785085143863772,0,,0.0,0,131,0.21785085143863772,1366236.0,5
bộ quần,127,2613,974095312.0,3.1208426558087137,68,4.822960999686186,958205000.0,2568,59,1.1590791408312868,15890312.0,45
mới cho,129,6,1042208.0,0.26356589147286824,0,,0.0,0,129,0.26356589147286824,1042208.0,6
ngắn khatoco,129,30,13750000.0,1.5486649440137812,0,,0.0,0,129,1.5486649440137812,13750000.0,30
màu trơn,129,409,61300960.0,1.5067643504480586,16,4.908383729333627,54403240.0,385,113,1.0251191286589516,6897720.0,24
quốc thời,126,30,7171874.0,0.8470461171590417,17,4.554997271716594,4778000.0,22,109,0.26874180865006553,2393874.0,8
thêu họa,124,11,6154437.0,0.4617243640178337,6,4.875636856368564,5877000.0,9,118,0.23728813559322035,277437.0,2
fit xanh,141,365,200623720.0,4.314418299923566,141,4.314418299923566,200623720.0,365,0,,0.0,0
tây nam,122,2093,591772024.0,4.050254968092574,70,4.299341405458553,578015750.0,2061,52,3.7149463024076024,13756274.0,32
sịp đùi,117,872,105114171.0,4.8653946484306445,14,4.860181947813915,101776400.0,767,103,4.866103170844569,3337771.0,105
chóng trong,122,3,859256.0,0.28688524590163933,0,,0.0,0,122,0.28688524590163933,859256.0,3
sukiya chất,113,7773,1230427330.0,4.447694746003425,113,4.447694746003425,1230427330.0,7773,0,,0.0,0
nam quần,7,185,72045000.0,3.356041769695732,2,4.875114447903314,71820000.0,180,5,2.748412698412699,225000.0,5
thun tay,119,647,102785678.0,0.4943554336015979,10,4.905051882081237,102474000.0,646,109,0.08970438328236494,311678.0,1
mẫu mới,119,4996,795215378.0,3.4567315587809695,67,4.3585726014690245,793174770.0,4975,52,2.29474406147136,2040608.0,21
tay cổ,115,9927,663786592.0,2.454525817796552,21,4.620639696797995,651847000.0,9875,94,1.9706067597217611,11939592.0,52
công sở,119,1708,293642590.0,3.0028390590738594,45,4.082770408856704,249143000.0,1519,74,2.3461240490707778,44499590.0,189
hiệu elle,118,83,4619400.0,3.169395705518587,0,,0.0,0,118,3.169395705518587,4619400.0,83
tay body,156,336,182239800.0,4.281685279256034,156,4.281685279256034,182239800.0,336,0,,0.0,0
5s fashion,117,13099,2583419500.0,4.680647452484871,117,4.680647452484871,2583419500.0,13099,0,,0.0,0
chải tóc,116,3,859256.0,0.3017241379310345,0,,0.0,0,116,0.3017241379310345,859256.0,3
có cổ,118,4377,714045050.0,4.343008261379063,105,4.8426188080259935,714045050.0,4377,13,0.3076923076923077,0.0,0
thun polo,116,2552,236929500.0,2.253232854832491,25,4.675040932252719,230993000.0,2537,91,1.5879009654313299,5936500.0,15
kiểu dáng,116,8718,1357498520.0,3.678230900705281,79,4.3949894848224496,1336577520.0,8654,37,2.1478544643470014,20921000.0,64
lược chải,116,3,859256.0,0.3017241379310345,0,,0.0,0,116,0.3017241379310345,859256.0,3
trang cho,115,33,6248564.0,0.5610661801966149,1,4.866666666666666,338000.0,2,114,0.5232977548767022,5910564.0,31
khatoco màu,115,60,16142000.0,2.1368478260869566,0,,0.0,0,115,2.1368478260869566,16142000.0,60
chất len,113,6409,1122749190.0,4.425337052806949,105,4.448097426898363,1104372190.0,6332,8,4.126607142857143,18377000.0,77
thun levents,114,14947,5046150750.0,4.802376683662095,114,4.802376683662095,5046150750.0,14947,0,,0.0,0
khoác bomber,114,580,164344000.0,2.017054348609804,31,4.27776975510272,156814000.0,560,83,1.1726907630522088,7530000.0,20
in hình,113,325,23845452.0,1.6490678884795653,28,4.812669968481754,22435000.0,318,85,0.6069401444788443,1410452.0,7
kháng khuẩn,113,28601,2702846080.0,4.531791535657782,107,4.619244020523328,2702764000.0,28600,6,2.972222222222222,82080.0,1
polo ngắn,113,334,177966816.0,3.3398502689422576,84,4.207179528458037,177679200.0,333,29,0.8275862068965517,287616.0,1
rộng phong,111,74,18297192.0,0.7932145239639594,13,4.4431613749450145,17304000.0,69,98,0.30903790087463556,993192.0,5
lông cừu,108,4104,781850070.0,3.672484117690059,61,4.676165703457852,702956070.0,3773,47,2.369833548927604,78894000.0,331
nam có,104,3965,1084902950.0,3.9615863488328005,74,4.873941174936189,1083575950.0,3962,30,1.7111111111111112,1327000.0,3
mát thấm,13,109,13899590.0,4.5243553604367595,4,3.6208215880861356,13803000.0,107,9,4.925925925925926,96590.0,2
khatoco caro,108,21,9378000.0,1.126543209876543,0,,0.0,0,108,1.126543209876543,9378000.0,21
chất lượng,108,11,2557544.0,0.3733087236671466,3,3.233618233618234,472380.0,3,105,0.2915855948114013,2085164.0,8
đơn giản,107,505,70981075.0,1.491492316392481,21,4.1179634121906705,64794500.0,483,86,0.850144723232458,6186575.0,22
fashion áo,105,3,727276.0,0.047619047619047616,0,,0.0,0,105,0.047619047619047616,727276.0,3
lượng cao,105,10,2242544.0,0.3370882403140468,1,4.777777777777778,157380.0,2,104,0.2943893024538186,2085164.0,8
chống nhăn,105,3861,1054531131.0,3.5951168220835834,83,4.132121134910411,1053104280.0,3851,22,1.5691460055096416,1426851.0,10
châu âu,103,2,447402.0,0.21359223300970873,0,,0.0,0,103,0.21359223300970873,447402.0,2
24 tiếng,103,0,0.0,0.21359223300970873,0,,0.0,0,103,0.21359223300970873,0.0,0
bảo đăng,102,4014,410893000.0,4.211374618794579,102,4.211374618794579,410893000.0,4014,0,,0.0,0
quần đùi,102,14098,1416532409.0,4.6586426517574715,93,4.789852999949673,1415666420.0,14088,9,3.3028023871047125,865989.0,10
mới nhất,101,5294,837224090.0,3.7527216616994545,56,4.477436899933839,832903090.0,5279,45,2.850853809674441,4321000.0,15
owen bamboo,98,626,281471440.0,4.756725302818349,98,4.756725302818349,281471440.0,626,0,,0.0,0
khoác gió,100,5926,1622389100.0,3.3646957829446014,71,4.0559095534431,1621791100.0,5924,29,1.6724137931034482,598000.0,2
dài khatoco,101,11,5000000.0,0.8184818481848185,0,,0.0,0,101,0.8184818481848185,5000000.0,11
chân váy,100,32,3674734.0,0.41892222222222225,3,4.964074074074074,2360000.0,24,97,0.27835051546391754,1314734.0,8
kẻ caro,100,76,32903000.0,3.0912800453332725,11,4.847314986435236,18199000.0,43,89,2.8742420189049405,14704000.0,33
nam guzado,99,22092,2175822680.0,4.65268665528029,99,4.65268665528029,2175822680.0,22092,0,,0.0,0
hè mới,98,7,1291155.0,0.3945578231292517,0,,0.0,0,98,0.3945578231292517,1291155.0,7
da bò,98,763,146563000.0,3.8030948608705897,84,4.0990199458367265,140587000.0,739,14,2.027544351073763,5976000.0,24
phối màu,90,3031,383364000.0,3.1095197040389597,61,4.423881530549284,383364000.0,3031,29,0.3448275862068966,0.0,0
chất cotton,98,3645,532042580.0,4.308755478548232,83,4.730808342020378,532042580.0,3645,15,1.9733963006690278,0.0,0
caro xanh,97,35,15080000.0,1.304123711340206,0,,0.0,0,97,1.304123711340206,15080000.0,35
liệu cotton,95,1108,214786000.0,3.8194423173276126,79,4.467012658378417,214786000.0,1108,16,0.6220637583892618,0.0,0
owen dáng,95,448,246314500.0,3.875489245877483,95,3.875489245877483,246314500.0,448,0,,0.0,0
jean nam,91,269,110562000.0,3.4772171231993223,19,4.601520276469185,108135000.0,263,72,3.180526013308665,2427000.0,6
có mũ,90,2499,774683720.0,2.5731840419792724,20,4.427171918875201,764607000.0,2475,70,2.0434732200090067,10076720.0,24
mùa thu,94,4,952082.0,0.22080711217660573,2,4.87793427230047,0.0,0,92,0.11956521739130435,952082.0,4
tay regular,102,267,158741220.0,4.148294840088697,98,4.276796670296399,158741220.0,267,4,1.0,0.0,0
giờ 24,114,5,1759004.0,0.30701754385964913,0,,0.0,0,114,0.30701754385964913,1759004.0,5
tam giác,87,6486,1027672240.0,4.317094443802795,35,4.640691087406971,1026934220.0,6459,52,4.099289010607677,738020.0,27
lót lông,74,2743,562119250.0,3.234172912670295,16,4.909297210151802,480800000.0,2394,58,2.772069658192638,81319250.0,349
quốc haras,93,909,76328000.0,4.545338856518249,93,4.545338856518249,76328000.0,909,0,,0.0,0
hoạ tiết,89,64,26853060.0,1.9454421768707484,26,4.383372579801152,21826560.0,50,63,0.9393121693121693,5026500.0,14
áo hoodie,91,1656,817070000.0,2.1035267026058784,35,4.264407522013379,815365000.0,1651,56,0.7529761904761906,1705000.0,5
befoyi men,91,1,186000.0,0.01098901098901099,0,,0.0,0,91,0.01098901098901099,186000.0,1
trang haras,92,1247,107953000.0,4.584238397926094,92,4.584238397926094,107953000.0,1247,0,,0.0,0
dài dáng,90,10,1452820.0,0.05555555555555555,0,,0.0,0,90,0.05555555555555555,1452820.0,10
thấm mồ,90,562,120423200.0,4.166736684713044,89,4.175351703642404,119817000.0,557,1,3.4,606200.0,5
nam cao,87,979,212334574.0,2.9800104779516214,17,4.222856398082608,187428050.0,927,70,2.678176468776952,24906524.0,52
giãn thoải,79,7983,1754356500.0,4.542594485121556,76,4.656117951639512,1754356500.0,7983,3,1.6666666666666667,0.0,0
dệt kim,87,257,94454173.0,0.6226307728744388,15,3.611258482671745,93761450.0,254,72,0.0,692723.0,3
và túi,88,16,2594000.0,3.9538858803218138,87,3.999332844463444,2594000.0,16,1,0.0,0.0,0
nam da,92,3471,960222000.0,3.6813546643081465,78,4.0267898268194235,956042000.0,3451,14,1.756787330316742,4180000.0,20
boxer nam,84,406,38538171.0,4.5272482582696405,21,4.078884494274372,37298400.0,386,63,4.676702846268064,1239771.0,20
trung năng,56,8533,1616683242.0,1.6249351300455184,17,4.596845134267589,1616366000.0,8531,39,0.3294871794871795,317242.0,2
lạnh co,6,102,8261200.0,4.049927067478437,4,4.824890601217656,8261200.0,102,2,2.5,0.0,0
âu nam,84,2009,471622360.0,2.632789073338695,31,4.6599920871382405,465287000.0,1980,53,1.447066555833301,6335360.0,29
rộng thời,83,7,1498959.0,0.18072289156626506,0,,0.0,0,83,0.18072289156626506,1498959.0,7
quần âu,82,1687,430135238.0,2.704726091476879,31,4.5191294207077135,423326000.0,1657,51,1.6018534795914696,6809238.0,30
short denim,82,1,187588.0,0.3170731707317073,1,0.0,0.0,0,81,0.32098765432098764,187588.0,1
áo nam,79,609,155137000.0,3.1149374465264192,34,4.887136067951605,154139000.0,607,45,1.7759429325607234,998000.0,2
tay owen,82,506,247250880.0,4.600661165124363,82,4.600661165124363,247250880.0,506,0,,0.0,0
mới đến,82,0,0.0,0.0,0,,0.0,0,82,0.0,0.0,0
giày thể,82,33,16575884.0,1.0373703392206337,2,2.5,2999000.0,11,80,1.0008045977011495,13576884.0,22
kaki nam,80,2574,514498000.0,3.6661201246183026,42,4.615276836575641,512419000.0,2570,38,2.617052179823348,2079000.0,4
nam tính,79,11063,3071066500.0,4.476194214463566,71,4.85414240485182,3070822000.0,11062,8,1.1219040247678018,244500.0,1
nam chất,62,14663,2989215500.0,4.246235060746577,34,4.688202935398301,2972324500.0,14624,28,3.7095597843837687,16891000.0,39
nhanh 24,87,7,1974396.0,0.1724137931034483,0,,0.0,0,87,0.1724137931034483,1974396.0,7
hàng cao,78,1182,211769330.0,3.231640153869906,23,4.636325486148663,211270330.0,1181,55,2.644226287644244,499000.0,1
du lịch,79,122,17638000.0,3.8919067488849004,70,4.322354283265341,17638000.0,122,9,0.5439814814814814,0.0,0
short thể,79,1847,231391862.0,1.6652893592538454,23,4.913902788824284,231046880.0,1845,56,0.3310374149659864,344982.0,2
cổ ngắn,79,10459,413587500.0,3.7926310853832113,38,4.646764602091388,412116000.0,10427,41,3.0009951430683137,1471500.0,32
cộc tay,78,2191,400796110.0,2.680561591906247,29,4.740516178751568,398561910.0,2177,49,1.461404795610037,2234200.0,14
quần jeans,77,484,253535304.0,2.2658311963847506,33,3.970585441877069,252405500.0,481,44,0.9872655122655122,1129804.0,3
mát co,32,1606,177289590.0,4.76538693578071,31,4.9191090949994445,177289590.0,1606,1,0.0,0.0,0
nam ngắn,77,5253,763520800.0,3.7653285019356453,51,4.536957649090002,761598800.0,5248,26,2.2517482517482517,1922000.0,5
nam thể,76,17026,1942729170.0,4.734690331106629,68,4.787330373259802,1940041170.0,17008,8,4.287249972804656,2688000.0,18
mã a1md468t1,76,11,5148000.0,1.2467105263157894,0,,0.0,0,76,1.2467105263157894,5148000.0,11
đến 24,115,1,258155.0,0.06086956521739131,0,,0.0,0,115,0.06086956521739131,258155.0,1
cổ lọ,75,3289,536803980.0,1.8452354368273771,23,4.536459610988813,536333980.0,3287,52,0.6548862828713576,470000.0,2
nhiều màu,75,10398,808822980.0,4.059902517188445,57,4.860572949373453,808529780.0,10395,18,1.52444614860259,293200.0,3
nam mẫu,61,55,2807945.0,4.874677057878831,1,5.0,1521000.0,9,60,4.872588342176812,1286945.0,46
combo balo,74,12,1859000.0,3.9705393077652924,74,3.9705393077652924,1859000.0,12,0,,0.0,0
ngắn cổ,74,673,130309200.0,2.2089050505489625,26,4.131558161621603,130309200.0,673,48,1.1674679487179487,0.0,0
nam sukiya,74,1420,261336260.0,4.529890219565215,74,4.529890219565215,261336260.0,1420,0,,0.0,0
vải lanh,74,9,1370985.0,0.4072765072765073,0,,0.0,0,74,0.4072765072765073,1370985.0,9
bộ thể,73,15616,3381377000.0,4.094052593003717,49,4.805370915240845,3380343000.0,15613,24,2.641777685102913,1034000.0,3
trang cao,73,7253,1328338000.0,2.256212307498119,31,4.6739672341504885,1326034000.0,7246,42,0.47167890925470357,2304000.0,7
phối viền,73,3497,562797055.0,2.269133773952981,28,3.784705910663129,558119000.0,3485,45,1.326111111111111,4678055.0,12
xuân hè,73,5,854275.0,0.2054794520547945,0,,0.0,0,73,0.2054794520547945,854275.0,5
bộ nỉ,72,4252,936468300.0,2.019615133576231,14,4.16556314450593,920093000.0,4213,58,1.5016276826621655,16375300.0,39
in họa,72,28,4833155.0,0.5934922138047138,8,4.258096590909091,4575000.0,27,64,0.13541666666666666,258155.0,1
len lông,72,3489,644539110.0,4.556406511157336,71,4.550158715539833,644539110.0,3489,1,5.0,0.0,0
khóa kéo,72,2974,496858475.0,2.635095502191745,36,4.784079893272378,496170000.0,2970,36,0.4861111111111111,688475.0,4
mới 2023,72,453,84571955.0,0.9906785217354265,15,3.7677569043300467,84319480.0,452,57,0.2598684210526316,252475.0,1
khatoco họa,71,13,5604000.0,1.591549295774648,0,,0.0,0,71,1.591549295774648,5604000.0,13
kho sẵn,71,0,0.0,0.0,0,,0.0,0,71,0.0,0.0,0
trang everest,71,10506,643633340.0,4.823904091307819,71,4.823904091307819,643633340.0,10506,0,,0.0,0
vải cá,70,10651,2668991000.0,4.492615562458785,63,4.896556974160554,2668991000.0,10651,7,0.8571428571428571,0.0,0
màu xám,70,607,130125349.0,3.181630152143778,33,3.948862998437356,125573850.0,584,37,2.497341397341397,4551499.0,23
màu navy,70,338,166229980.0,3.7259868663481086,68,3.835574715358347,166229980.0,338,2,0.0,0.0,0
màu ghi,70,191,77580294.0,3.626758357324607,54,3.9042240016096224,70362360.0,168,16,2.69031180786268,7217934.0,23
màu sắc,70,949,139894500.0,1.5433187415645822,21,4.668205329024797,139894500.0,949,49,0.20408163265306123,0.0,0
nhanh trong,70,3,781724.0,0.1,0,,0.0,0,70,0.1,781724.0,3
24h cho,70,0,0.0,0.0,0,,0.0,0,70,0.0,0.0,0
giữ ấm,70,1742,545269883.0,2.369029091294906,35,4.4789672734989034,544498830.0,1737,35,0.2590909090909091,771053.0,5
vải gió,70,13764,1656147730.0,4.18113389696772,55,4.603972045088038,1648656730.0,13724,15,2.630727353859884,7491000.0,40
giữ nhiệt,66,10907,1921343040.0,4.1899665716083945,48,4.498215686978257,1909002000.0,10825,18,3.367968930622093,12341040.0,82
cotton co,105,6973,1214621000.0,4.328696414149462,96,4.39054240473036,1214621000.0,6973,9,3.6690058479532164,0.0,0
nam routine,69,0,0.0,3.686365376828459,0,,0.0,0,69,3.686365376828459,0.0,0
tập gym,69,3821,535506340.0,4.627903384042347,66,4.770080810589727,535506340.0,3821,3,1.5,0.0,0
lịch lãm,69,2009,343294650.0,3.432136445446217,43,4.347599530584978,336592450.0,1994,26,1.9181013431013432,6702200.0,15
ko nhăn,67,79,5109196.0,4.569920094468932,0,,0.0,0,67,4.569920094468932,5109196.0,79
lụa lạnh,67,2,293765.0,0.472636815920398,0,,0.0,0,67,0.472636815920398,293765.0,2
lạnh thoáng,28,1804,235538000.0,4.778579436814531,20,4.943857365386496,235538000.0,1804,8,4.365384615384615,0.0,0
tiết thời,66,9,1158189.0,0.5815605550454036,7,4.0547138047138045,1032000.0,8,59,0.1694915254237288,126189.0,1
cách trẻ,64,1038,176027000.0,3.345180056318948,36,4.217642037444513,176027000.0,1038,28,2.2234432234432235,0.0,0
xanh chất,66,297,161072880.0,3.3482261479118347,64,3.4528582150340794,161072880.0,297,2,0.0,0.0,0
thun ngắn,65,137,30431632.0,1.0426369515137166,8,4.888091897715614,29825000.0,133,57,0.5029239766081871,606632.0,4
nhanh khô,65,5928,900475765.0,2.3308096491443964,28,4.751456421600983,900182000.0,5926,37,0.49896884836643873,293765.0,2
fashion quần,65,0,0.0,0.0,0,,0.0,0,65,0.0,0.0,0
chuẩn form,63,5058,1129662000.0,4.402474049028976,55,4.69056118343319,1129662000.0,5058,8,2.421875,0.0,0
sấu cotton,64,9256,2586146000.0,4.726799097773778,63,4.722462575516219,2586146000.0,9256,1,5.0,0.0,0
chống nắng,64,6283,1219324000.0,3.261161379791587,45,4.415873962370257,1219324000.0,6283,19,0.5263157894736842,0.0,0
vải mềm,64,224,87309000.0,3.99582154928506,58,4.154393127180449,87309000.0,224,6,2.4629629629629632,0.0,0
hè hàng,64,1,135724.0,0.15625,0,,0.0,0,64,0.15625,135724.0,1
gió nam,64,4875,1349047100.0,4.0050865083496205,52,4.35241416412261,1348449100.0,4873,12,2.5,598000.0,2
cotton lanh,64,3,585654.0,0.28125,0,,0.0,0,64,0.28125,585654.0,3
bộ đồ,65,6371,1343750209.0,2.473063655043237,24,4.909462273627406,1340381000.0,6361,41,1.0468790978232363,3369209.0,10
form regular,64,2223,440415000.0,3.869015111678351,61,3.895360117170729,440415000.0,2223,3,3.3333333333333335,0.0,0
cách châu,63,1,135724.0,0.15873015873015872,0,,0.0,0,63,0.15873015873015872,135724.0,1
da nam,60,347,75273000.0,2.9439957345188206,10,3.275391216112948,48621000.0,289,50,2.877716638199995,26652000.0,58
mùa đông,59,4553,985088303.0,1.9519384211152062,10,4.839807925414934,964675000.0,4409,49,1.3625772977887312,20413303.0,144
chiều thoáng,38,15,653377.0,4.1639040783777626,0,,0.0,0,38,4.1639040783777626,653377.0,15
balo thời,61,91,13631000.0,4.266710151372192,61,4.266710151372192,13631000.0,91,0,,0.0,0
áo phông,61,1496,258199170.0,3.458358859522953,30,4.9310356788682235,253780000.0,1478,31,2.0331877440275297,4419170.0,18
nam màu,45,420,37366421.0,2.917120435688211,16,2.6449918847137517,31452830.0,405,29,3.067260325881015,5913591.0,15
nam mùa,57,1293,253430000.0,3.845097321832127,24,4.708605553807321,251129000.0,1275,33,3.2170913349410766,2301000.0,18
đen chất,56,166,96268384.0,3.5223270448530286,44,3.7040698336750975,95893000.0,164,12,2.855936819172113,375384.0,2
cổ đứng,61,2639,326704000.0,2.444412368996827,35,3.9745472716801844,326425000.0,2638,26,0.38461538461538464,279000.0,1
trang phong,61,275,39157000.0,1.9608439715520773,25,4.74445929058707,39157000.0,275,36,0.027777777777777776,0.0,0
ko xù,61,73,3710768.0,4.537394670505688,0,,0.0,0,61,4.537394670505688,3710768.0,73
xuất khẩu,61,6,1447000.0,3.658363130089192,0,,0.0,0,61,3.658363130089192,1447000.0,6
trung niên,59,21,6101102.0,0.783829068350504,0,,0.0,0,59,0.783829068350504,6101102.0,21
trang nam,60,86,13049500.0,3.2065082051153166,9,4.8375698024840785,12805000.0,85,51,2.918673805579652,244500.0,1
nam và,60,18,4257245.0,0.7127165717050807,4,4.940748575576213,2556630.0,13,56,0.4107142857142857,1700615.0,5
khatoco tay,60,32,14266000.0,2.345833333333333,0,,0.0,0,60,2.345833333333333,14266000.0,32
dễ phối,60,831,151895318.0,3.343185355752576,42,4.539002409783961,151602360.0,829,18,0.5529455630126772,292958.0,2
nam trơn,55,3436,294625000.0,3.827548628009291,41,3.921779324836312,292379000.0,3428,14,3.551587301587301,2246000.0,8
lót đùi,56,47,1220626.0,4.967421972182911,1,4.9393939393939394,0.0,0,55,4.967931572779073,1220626.0,47
khatoco mã,60,18,7594000.0,3.419620610870611,0,,0.0,0,60,3.419620610870611,7594000.0,18
in chữ,60,3261,332610000.0,2.1157124206205062,26,4.497797893739629,332610000.0,3261,34,0.29411764705882354,0.0,0
và quần,54,96,33296000.0,0.9882928960527505,9,4.892720339279466,33296000.0,96,45,0.20740740740740737,0.0,0
trắng chất,53,153,73471200.0,3.901690849569229,44,3.7906730687992987,73471200.0,153,9,4.444444444444445,0.0,0
len nữ,59,1117,206194560.0,4.256155007535946,58,4.329536990424496,206194560.0,1117,1,0.0,0.0,0
nam aviano,58,9370,1961008000.0,4.914327423425526,58,4.914327423425526,1961008000.0,9370,0,,0.0,0
short sleeved,4,0,0.0,0.0,0,,0.0,0,4,0.0,0.0,0
xanh nhạt,58,77,32815640.0,3.4648565895732846,14,4.196766797731415,31459640.0,74,44,3.2319760687956975,1356000.0,3
liệu bamboo,57,260,141566680.0,3.9008582061213644,57,3.9008582061213644,141566680.0,260,0,,0.0,0
quần jogger,58,4535,871561350.0,4.520086043252882,46,4.709826685776179,865517350.0,4497,12,3.7927469135802467,6044000.0,38
nam vải,52,1439,154608300.0,3.5194977559419836,14,4.610317061752765,152288000.0,1431,38,3.117616959064327,2320300.0,8
mái vận,57,4106,573185013.0,4.498224195528084,34,4.328074844904932,572827480.0,4089,23,4.749749322536221,357533.0,17
không nhăn,57,1025,204938170.0,3.858392715600458,29,4.665813653453025,199820400.0,983,28,3.0221353156817297,5117770.0,42
áo thể,57,4723,506665680.0,4.341946058526703,47,4.7184507895989265,506230440.0,4717,10,2.5723738224872528,435240.0,6
và nữ,57,6,1869245.0,0.49122807017543857,1,5.0,168630.0,1,56,0.4107142857142857,1700615.0,5
bomber nam,51,268,114218000.0,2.639224749897725,19,4.32984889007635,111266000.0,260,32,1.6354166666666665,2952000.0,8
phối đồ,57,722,134405318.0,3.1538410238708927,38,4.468839953326649,134112360.0,720,19,0.5238431649593783,292958.0,2
fashion giày,57,11,3197261.0,0.19298245614035087,0,,0.0,0,57,0.19298245614035087,3197261.0,11
nam boxer,42,1431,166562600.0,4.2281303336692355,28,4.596849180157533,166346600.0,1429,14,3.490692640692641,216000.0,2
quần thể,59,7975,1029551242.0,2.7976815717388086,26,4.8769996425423265,1028574450.0,7969,33,1.1594309704996728,976792.0,6
thun cotton,57,978,179540724.0,3.4233024228780677,34,4.890193430916105,179405000.0,977,23,1.2548548457783621,135724.0,1
tốc độ,56,2,373454.0,0.30357142857142855,0,,0.0,0,56,0.30357142857142855,373454.0,2
shirt short,60,1,186000.0,0.0,0,,0.0,0,60,0.0,186000.0,1
mã a1mn468t2,55,19,8892000.0,1.9383838383838385,0,,0.0,0,55,1.9383838383838385,8892000.0,19
dài nam,54,4717,1169429200.0,1.9434215467903595,11,4.446512136929399,1161228000.0,4654,43,1.3030960469873494,8201200.0,63
tóc tốc,54,2,373454.0,0.18518518518518517,0,,0.0,0,54,0.18518518518518517,373454.0,2
đông cho,54,2,599857.0,0.18518518518518517,0,,0.0,0,54,0.18518518518518517,599857.0,2
có túi,54,2641,419819500.0,3.646640063029978,35,4.769101811531966,419819500.0,2641,19,1.5789473684210527,0.0,0
nam mando,54,813,153082000.0,4.842439790672802,54,4.842439790672802,153082000.0,813,0,,0.0,0
sản phẩm,53,206,41730000.0,2.502390967338898,24,4.901113386206734,41730000.0,206,29,0.5172413793103449,0.0,0
tròn tay,45,1084,185875800.0,4.507218897174063,40,4.945621259320821,185875800.0,1084,5,1.0,0.0,0
unisex nam,53,5728,643487000.0,4.3504947939247955,52,4.338004309192581,643487000.0,5728,1,5.0,0.0,0
xếp ly,53,11,2630355.0,0.470125786163522,3,4.972222222222222,1651000.0,7,50,0.2,979355.0,4
cực tốt,52,6476,400283160.0,4.641934642923963,47,4.823700739688924,399515160.0,6474,5,2.9333333333333336,768000.0,2
quần kaki,51,1356,311562000.0,3.5421024831248467,26,4.276893992541536,309483000.0,1352,25,2.777919313331489,2079000.0,4
vải dù,52,2682,293651000.0,4.163602816727723,46,4.105232169634237,293651000.0,2682,6,4.611111111111112,0.0,0
short sleeve,59,1,186000.0,0.0,0,,0.0,0,59,0.0,186000.0,1
vải lụa,52,877,161217284.0,2.5751121902660645,22,4.824507601234941,159284000.0,867,30,0.9255555555555556,1933284.0,10
sịp nam,51,4279,1125849800.0,4.839320189516342,22,4.72717044628545,1125513700.0,4252,29,4.924399305070812,336100.0,27
lưng nam,51,65,18821000.0,2.7033205661091686,51,2.7033205661091686,18821000.0,65,0,,0.0,0
tạo kiểu,51,0,0.0,0.09803921568627451,0,,0.0,0,51,0.09803921568627451,0.0,0
cỡ lớn,51,87,13913780.0,2.3575567164120446,23,4.792843153783229,12479000.0,81,28,0.35714285714285715,1434780.0,6
cho bạn,51,2,276173.0,0.29411764705882354,0,,0.0,0,51,0.29411764705882354,276173.0,2
quần ống,51,279,58837044.0,1.167333700716292,8,4.9667523420663615,56703400.0,267,43,0.4604651162790698,2133644.0,12
máy tạo,51,0,0.0,0.09803921568627451,0,,0.0,0,51,0.09803921568627451,0.0,0
hút tốt,51,3915,605192660.0,4.695211288249389,42,4.6552962468425125,605036840.0,3913,9,4.881481481481482,155820.0,2
kiểu tóc,51,0,0.0,0.09803921568627451,0,,0.0,0,51,0.09803921568627451,0.0,0
khoác phao,49,609,306997000.0,1.7539562264254573,8,4.241646416770455,305405000.0,605,41,1.2685532624557014,1592000.0,4
tuổi thương,48,38,1138900.0,2.149305555555556,0,,0.0,0,48,2.149305555555556,1138900.0,38
cotton mềm,46,346,82510150.0,4.557960767491329,43,4.549143608613324,82510150.0,346,3,4.684340044742729,0.0,0
cực đẹp,50,51,11941310.0,1.4492177303942275,3,4.873822487252614,9287000.0,44,47,1.2306259374032669,2654310.0,7
tiết phong,50,8,3644248.0,0.19636363636363638,1,4.818181818181818,3493000.0,7,49,0.10204081632653061,151248.0,1
tay slim,78,207,110201480.0,2.476994301994302,48,3.920949074074074,108797480.0,204,30,0.16666666666666666,1404000.0,3
plus size,50,2,463576.0,0.11333333333333334,0,,0.0,0,50,0.11333333333333334,463576.0,2
hè 2023,50,12,1870185.0,0.4,0,,0.0,0,50,0.4,1870185.0,12
tôn dáng,49,454,156255780.0,3.557762255907668,43,3.9379151288250167,155553000.0,452,6,0.8333333333333334,702780.0,2
unisex thời,49,973,115900340.0,4.79630902798323,49,4.79630902798323,115900340.0,973,0,,0.0,0
chạy bộ,47,4849,772328000.0,3.761344551197851,40,4.4195798476574755,772328000.0,4849,7,0.0,0.0,0
trang dành,49,59,8293000.0,0.6358331950666445,1,4.878048780487805,8062000.0,58,48,0.5474537037037037,231000.0,1
quần boxer,49,68,5289173.0,4.414410962916496,15,3.778257191201354,4249000.0,50,34,4.695067038673177,1040173.0,18
thu cho,49,5,1352595.0,0.1836734693877551,0,,0.0,0,49,0.1836734693877551,1352595.0,5
dặn bản,49,17,6423000.0,1.2040816326530612,0,,0.0,0,49,1.2040816326530612,6423000.0,17
nam thương,48,69,7316200.0,3.9230535680249594,2,4.927591188154569,4520000.0,36,46,3.8793780193236715,2796200.0,33
polo shirt,49,0,0.0,0.0,0,,0.0,0,49,0.0,0.0,0
giày nam,40,20,11898836.0,1.8018829365079365,0,,0.0,0,40,1.8018829365079365,11898836.0,20
mã a1mn438t2,48,29,12702000.0,1.4192708333333333,0,,0.0,0,48,1.4192708333333333,12702000.0,29
ống suông,48,2628,498095428.0,3.226020578475128,26,4.169487695173018,497803850.0,2626,22,2.1110139860139863,291578.0,2
hôi tốt,48,159,16603231.0,4.7164192431969205,11,4.404478794152708,14071000.0,102,37,4.80915829561547,2532231.0,57
cấp thời,47,1944,162088888.0,3.048905956684114,27,4.79243232797644,161612500.0,1942,20,0.6951453554394731,476388.0,2
thắt lưng,48,66,18536000.0,2.256937192400083,46,2.3550648964174785,18536000.0,66,2,0.0,0.0,0
phối sọc,48,10083,666545000.0,3.5882808232760013,36,4.423263319923557,666146000.0,10082,12,1.0833333333333333,399000.0,1
nam dáng,47,8551,1697116000.0,3.109148345383843,39,3.3725633905907855,1696360000.0,8547,8,1.825,756000.0,4
liệu dày,47,20,9114000.0,1.3390070921985815,2,4.466666666666667,2740000.0,4,45,1.2,6374000.0,16
nam cotton,44,2448,432514300.0,3.3541362576365965,21,4.932475968381441,432345300.0,2447,23,1.9130434782608696,169000.0,1
2023 cho,47,1,252475.0,0.10638297872340426,0,,0.0,0,47,0.10638297872340426,252475.0,1
đồ thể,47,448,85657689.0,1.019196371739194,8,4.9044453506344325,84641000.0,443,39,0.22222222222222227,1016689.0,5
động thoải,47,16459,1914887510.0,4.884485017013821,47,4.884485017013821,1914887510.0,16459,0,,0.0,0
tshirt ngắn,46,87,26297200.0,4.387153891656998,46,4.387153891656998,26297200.0,87,0,,0.0,0
bay màu,45,35,2822646.0,4.510503319229974,0,,0.0,0,45,4.510503319229974,2822646.0,35
navy chất,44,197,103825220.0,3.777882483370288,44,3.777882483370288,103825220.0,197,0,,0.0,0
dáng slim,61,708,261224440.0,4.3338833725735295,52,4.401695718605057,260024440.0,700,9,3.9420787066135907,1200000.0,8
tay lỡ,46,911,145570008.0,3.8466712958825524,36,4.776302211405484,145368000.0,910,10,0.5,202008.0,1
nhật bản,46,4,1066414.0,0.34057971014492755,4,2.416666666666667,179400.0,1,42,0.14285714285714285,887014.0,3
đường phố,46,3,417687.0,0.0,0,,0.0,0,46,0.0,417687.0,3
động cho,44,2,317242.0,0.08333333333333333,0,,0.0,0,44,0.08333333333333333,317242.0,2
liệu vải,45,90,40517000.0,4.370024301949112,32,4.598471674615938,35979000.0,87,13,3.8076923076923075,4538000.0,3
tính cho,45,10,2299594.0,0.4814814814814815,0,,0.0,0,45,0.4814814814814815,2299594.0,10
chất nỉ,45,18001,3651605740.0,4.622445848977271,43,4.622973046087324,3651605740.0,18001,2,4.611111111111111,0.0,0
liệu nano,45,259,140238260.0,4.451299367997482,45,4.451299367997482,140238260.0,259,0,,0.0,0
hoa cho,45,33,3375092.0,0.20707163207163207,1,4.779761904761905,3168000.0,32,44,0.10314685314685314,207092.0,1
ví nam,45,669,122331000.0,4.880730799035459,45,4.880730799035459,122331000.0,669,0,,0.0,0
vải dệt,45,44,13346000.0,0.9708994708994709,1,4.785714285714286,11271000.0,39,44,0.8841991341991342,2075000.0,5
nam lót,25,1609,244712000.0,2.6435983632227025,6,4.897871503538189,184889000.0,1303,19,1.9317226347020224,59823000.0,306
cạp chun,45,15439,2033044080.0,4.879533932007273,42,4.887595879531602,2032288080.0,15435,3,4.766666666666667,756000.0,4
vừa vặn,44,355,97908613.0,3.3952383468004466,29,4.551396112386885,96339950.0,346,15,1.16,1568663.0,9
túi xách,45,217,27703000.0,4.364504849104097,45,4.364504849104097,27703000.0,217,0,,0.0,0
khẩu hàn,44,2,998000.0,3.5161174556858015,0,,0.0,0,44,3.5161174556858015,998000.0,2
nam thời,44,4318,471686000.0,2.1661814624937756,17,4.822273589199575,471686000.0,4318,27,0.4938271604938272,0.0,0
tròn sukiya,44,1113,206150560.0,4.658224856934342,44,4.658224856934342,206150560.0,1113,0,,0.0,0
ôm thời,44,0,0.0,0.0,0,,0.0,0,44,0.0,0.0,0
form slimfit,44,1386,303062000.0,3.8610262518183727,40,3.8757003055716384,302534000.0,1385,4,3.7142857142857144,528000.0,1
hè dành,44,5,1319122.0,0.5681818181818182,0,,0.0,0,44,0.5681818181818182,1319122.0,5
áo tshirt,43,111,30592200.0,4.572098964809538,43,4.572098964809538,30592200.0,111,0,,0.0,0
đôi tất,43,14087,540288200.0,3.953112862205468,31,4.410769454026939,540041000.0,14082,12,2.7708333333333335,247200.0,5
nhung tăm,42,1166,159088000.0,4.0760999720946405,37,4.302599968323646,155325000.0,1127,5,2.4,3763000.0,39
da lộn,39,637,137121000.0,3.1664575214256434,15,3.859089717643171,63621000.0,257,24,2.7335623987896884,73500000.0,380
giày da,43,40,28300000.0,3.1048822129893137,1,4.87977369165488,0.0,0,42,3.062622892068705,28300000.0,40
set đồ,43,106,35685424.0,2.3199966394968516,14,3.8423684864475,33953000.0,99,29,1.5850585064861942,1732424.0,7
dài ống,43,213,38357053.0,0.8119601328903654,9,2.768253968253968,38166000.0,212,34,0.29411764705882354,191053.0,1
trơn basic,42,2628,465335000.0,4.532533066381908,41,4.53829493882302,464997000.0,2626,1,4.296296296296297,338000.0,2
co dãn,42,3667,627239290.0,4.031603732817526,27,4.300952427382082,623706290.0,3644,15,3.5467760826013253,3533000.0,23
cách retro,42,2,837224.0,0.11904761904761904,0,,0.0,0,42,0.11904761904761904,837224.0,2
ngắn dáng,42,0,0.0,0.09523809523809523,0,,0.0,0,42,0.09523809523809523,0.0,0
nam tsimple,40,2404,283901000.0,4.92642850093592,40,4.92642850093592,283901000.0,2404,0,,0.0,0
quốc cho,42,12,1990700.0,0.5,0,,0.0,0,42,0.5,1990700.0,12
dáng hàn,41,2412,380572250.0,4.242527204192594,27,4.790426173502363,369817250.0,2365,14,3.1858649062380406,10755000.0,47
sọc ngang,41,1283,167716000.0,1.2984203397382925,11,3.9304758117518177,167278000.0,1282,30,0.3333333333333333,438000.0,1
xanh đậm,41,58,22994340.0,2.539721254355401,12,4.141666666666667,20049340.0,44,29,1.8768472906403941,2945000.0,14
fashion chất,13,290,55882000.0,4.189176418696029,13,4.189176418696029,55882000.0,290,0,,0.0,0
giãn tốt,41,5337,119242380.0,3.211545948169397,29,4.368047719825699,119242380.0,5337,12,0.4166666666666667,0.0,0
cổ điển,41,5,1492000.0,0.3623693379790941,2,4.928571428571429,1196000.0,4,39,0.1282051282051282,296000.0,1
cho bé,70,273,21605062.0,2.2519273159710695,20,4.9067456058987435,19631000.0,255,50,1.19,1974062.0,18
cổ trụ,41,1095,219349000.0,4.480715900903494,32,4.577524390889744,219349000.0,1095,9,4.136507936507936,0.0,0
hoa thời,41,2,716380.0,0.24390243902439024,0,,0.0,0,41,0.24390243902439024,716380.0,2
nam giới,41,90,9559659.0,0.4817051502071524,3,3.249970386164416,7821000.0,79,38,0.2631578947368421,1738659.0,11
cổ cao,41,1152,158052370.0,2.0209739665837363,13,4.489742942955143,98176870.0,843,28,0.8747597989827257,59875500.0,309
cản gió,41,3765,865051150.0,4.756078805767735,40,4.7624807759119285,865051150.0,3765,1,4.5,0.0,0
fit ghi,44,102,69284560.0,4.253255481078062,44,4.253255481078062,69284560.0,102,0,,0.0,0
thêu bản,39,7,2843000.0,1.7666666666666668,0,,0.0,0,39,1.7666666666666668,2843000.0,7
cách thời,40,44,9151280.0,2.0436553874545202,16,4.532749579747412,8603000.0,41,24,0.38425925925925924,548280.0,3
size lớn,40,107,15690983.0,1.2760037629256997,3,4.847061191626409,2148000.0,12,37,0.9864585660040206,13542983.0,95
tiết kẻ,40,105,22963155.0,0.618667414609823,2,4.873348292196459,22557000.0,103,38,0.39473684210526316,406155.0,2
mando chất,40,460,76505000.0,4.640871646015647,40,4.640871646015647,76505000.0,460,0,,0.0,0
tiết xanh,40,7,2966000.0,1.4916666666666667,0,,0.0,0,40,1.4916666666666667,2966000.0,7
màu nâu,40,219,87674440.0,3.6641215942353496,29,3.7076909783651235,72605440.0,163,11,3.549256854256854,15069000.0,56
dáng body,47,183,102204000.0,3.819577231279359,47,3.819577231279359,102204000.0,183,0,,0.0,0
khỏe khoắn,40,5911,1269609000.0,4.6362299162465135,40,4.6362299162465135,1269609000.0,5911,0,,0.0,0
chéo haras,40,9,1321000.0,3.909686197414864,40,3.909686197414864,1321000.0,9,0,,0.0,0
polo tay,40,7,1533000.0,0.594276499470492,2,4.885529989409839,1533000.0,7,38,0.3684210526315789,0.0,0
lông thỏ,40,360,69162980.0,4.42128170470352,40,4.42128170470352,69162980.0,360,0,,0.0,0
mùa xuân,40,26,5197967.0,0.10227272727272727,0,,0.0,0,40,0.10227272727272727,5197967.0,26
tay thời,40,38,6905000.0,0.8517889649499736,2,4.930904522613066,1957000.0,13,38,0.6370986724413897,4948000.0,25
đến 24h,39,1,258155.0,0.1282051282051282,0,,0.0,0,39,0.1282051282051282,258155.0,1
liệu cvc,39,535,154227000.0,3.8282822440717177,39,3.8282822440717177,154227000.0,535,0,,0.0,0
nam in,39,271,19950000.0,3.7214148365964967,33,4.398035715977677,19950000.0,271,6,0.0,0.0,0
trẻ em,40,43,4528300.0,1.9229166666666668,3,3.3333333333333335,3786600.0,15,37,1.8085585585585586,741700.0,28
siêu ấm,37,3150,869710250.0,3.124896869207434,11,4.859576763861231,788947000.0,2763,26,2.3909938368539043,80763250.0,387
hợp thời,39,12,2129214.0,0.4075702075702075,1,4.895238095238096,1690000.0,10,38,0.2894736842105263,439214.0,2
rộng unisex,39,775,138761000.0,3.7405929203553328,37,3.8346790241583237,138761000.0,775,2,2.0,0.0,0
tay bodyfit,39,124,68436000.0,4.088957234240253,39,4.088957234240253,68436000.0,124,0,,0.0,0
nam công,39,1060,200234290.0,2.979588034869506,10,4.906884154994279,180225000.0,1011,29,2.3150031658609636,20009290.0,49
phananh 4man,2,0,0.0,2.5,0,,0.0,0,2,2.5,0.0,0
chống nước,39,4047,1103203100.0,4.3505070721065024,27,4.791647695069094,1101225100.0,4037,12,3.3579406704406707,1978000.0,10
cừu mềm,40,3146,579760510.0,4.5849738205260575,39,4.574332123616469,579760510.0,3146,1,5.0,0.0,0
bamboo regular,48,301,134753200.0,4.668036315285717,48,4.668036315285717,134753200.0,301,0,,0.0,0
đồng hồ,38,3,1187364.0,0.44298245614035087,0,,0.0,0,38,0.44298245614035087,1187364.0,3
sọc xanh,38,80,22651720.0,2.5433809081239156,5,3.902422174469031,20997720.0,73,33,2.337465564738292,1654000.0,7
chính hãng,38,188,32073882.0,3.4704343076516353,11,4.488773062796558,31369500.0,186,27,3.0555555555555554,704382.0,2
generos slimfit,38,5,1973000.0,1.1842105263157894,0,,0.0,0,38,1.1842105263157894,1973000.0,5
short kaki,38,1749,258496500.0,3.4902581093514966,27,4.541844746494699,258496500.0,1749,11,0.9090909090909091,0.0,0
ko bay,38,30,485646.0,4.562187514626975,0,,0.0,0,38,4.562187514626975,485646.0,30
giờ chất,38,3,1187364.0,0.13157894736842105,0,,0.0,0,38,0.13157894736842105,1187364.0,3
jeans nam,38,99,46409000.0,3.1949069562141204,21,3.887836170201515,45154000.0,94,17,2.3389355742296916,1255000.0,5
aremi chất,37,1015,168815000.0,4.121228014838482,37,4.121228014838482,168815000.0,1015,0,,0.0,0
hè phong,38,2,272000.0,0.0,1,0.0,0.0,0,37,0.0,272000.0,2
trang phục,38,2,442764.0,0.23026315789473684,0,,0.0,0,38,0.23026315789473684,442764.0,2
tay vải,27,1610,215986300.0,3.614226683596951,17,4.361825319575693,215567000.0,1609,10,2.3433090024330903,419300.0,1
fit trắng,48,140,72191800.0,4.211796934762051,48,4.211796934762051,72191800.0,140,0,,0.0,0
giản dị,38,21,3749938.0,0.6010765550239234,0,,0.0,0,38,0.6010765550239234,3749938.0,21
xanh bamboo,36,64,40103000.0,4.268518518518519,36,4.268518518518519,40103000.0,64,0,,0.0,0
khí thời,37,3,804124.0,0.5135135135135135,0,,0.0,0,37,0.5135135135135135,804124.0,3
unisex saigonese,37,2072,327548000.0,4.899381545249375,37,4.899381545249375,327548000.0,2072,0,,0.0,0
balo laptop,37,291,40737000.0,4.27350739918707,37,4.27350739918707,40737000.0,291,0,,0.0,0
guzado chất,33,6352,1016070080.0,4.5935433015353215,33,4.5935433015353215,1016070080.0,6352,0,,0.0,0
mỹ thời,37,51,2371229.0,0.1315566437517657,1,4.867595818815331,1862000.0,49,36,0.0,509229.0,2
lịch thời,37,31,3849000.0,4.176290827111376,37,4.176290827111376,3849000.0,31,0,,0.0,0
tay dáng,36,30,12684134.0,1.4956347937591925,10,4.884285257533094,11920840.0,28,26,0.19230769230769232,763294.0,2
dài kẻ,37,13,6154000.0,2.3806306306306304,0,,0.0,0,37,2.3806306306306304,6154000.0,13
vest nam,27,64,28018990.0,3.753142504063842,3,0.0,0.0,0,24,4.222285317071822,28018990.0,64
gồm áo,31,0,0.0,0.31080389144905274,0,,0.0,0,31,0.31080389144905274,0.0,0
trung dành,36,22,3216556.0,2.441358024691358,0,,0.0,0,36,2.441358024691358,3216556.0,22
áo bomber,36,234,95986000.0,2.731414473364395,4,4.860117302052786,92117000.0,223,32,2.465326619778346,3869000.0,11
trắng mã,36,6,2728000.0,0.9722222222222222,0,,0.0,0,36,0.9722222222222222,2728000.0,6
nam trunk,36,6778,1609606000.0,4.492489681331409,36,4.492489681331409,1609606000.0,6778,0,,0.0,0
vải bò,36,29,9596210.0,3.0278713229422043,2,4.890855457227138,0.0,0,34,2.9182840209254435,9596210.0,29
màu thời,36,4248,360248900.0,4.064794957340087,25,4.895014140279128,360248900.0,4248,11,2.177933177933178,0.0,0
sịp tam,36,182,27697375.0,4.672948458752809,6,4.906651883977987,27470520.0,174,30,4.626207773707773,226855.0,8
túi hộp,36,1705,305050000.0,4.316019833931304,30,4.758264204757969,303658000.0,1697,6,2.1047979797979797,1392000.0,8
bóp ví,36,630,116520000.0,4.918324057563798,36,4.918324057563798,116520000.0,630,0,,0.0,0
vớ cổ,36,381,16190400.0,3.448018601517698,6,4.9660336870282675,14952000.0,348,30,3.1444155844155843,1238400.0,33
nam regular,36,60,21711000.0,4.482385244793333,34,4.746054965075294,21711000.0,60,2,0.0,0.0,0
màu be,35,98,37983500.0,3.688811709856014,29,3.969255511895189,37263500.0,96,6,2.3333333333333335,720000.0,2
mới dành,35,5,687445.0,0.2476190476190476,0,,0.0,0,35,0.2476190476190476,687445.0,5
set áo,34,8,4820092.0,0.3697478991596639,1,4.571428571428571,4613000.0,7,33,0.24242424242424243,207092.0,1
haras hr147,36,80,4080000.0,4.1117635110202,36,4.1117635110202,4080000.0,80,0,,0.0,0
nam phối,31,722,266977000.0,3.006325406253337,19,4.641899347044919,266977000.0,722,12,0.4166666666666667,0.0,0
ba lỗ,33,2384,198394488.0,3.4828257862124494,16,4.614261696822347,197274000.0,2379,17,2.4179449291678394,1120488.0,5
nữ sukiya,36,453,79132290.0,4.209682880427497,36,4.209682880427497,79132290.0,453,0,,0.0,0
quốc mới,35,651,103639200.0,0.2789333013003394,1,4.762665545511878,103639200.0,651,34,0.14705882352941177,0.0,0
cấp co,20,895,119383500.0,4.101782638975837,9,4.8337233247082105,119244500.0,894,11,3.502922077922078,139000.0,1
chữ thêu,34,175,28077000.0,3.0076709686883216,9,4.873423659489216,26012000.0,170,25,2.336,2065000.0,5
giác nam,34,3509,419696085.0,4.359200979932446,10,4.924476813606733,419267000.0,3491,24,4.123669382568159,429085.0,18
ôm dáng,34,34,1274383.0,0.4917619631352399,1,4.827433628318584,194000.0,2,33,0.3603779732811991,1080383.0,32
sắc nét,34,11,3789000.0,1.170343137254902,0,,0.0,0,34,1.170343137254902,3789000.0,11
nam generos,34,3,826000.0,0.29411764705882354,0,,0.0,0,34,0.29411764705882354,826000.0,3
kế basic,34,418,157355500.0,4.899402634159829,34,4.899402634159829,157355500.0,418,0,,0.0,0
jean dài,34,10,1950000.0,0.2549019607843137,4,1.25,1950000.0,10,30,0.12222222222222222,0.0,0
độ 24,45,0,0.0,0.26666666666666666,0,,0.0,0,45,0.26666666666666666,0.0,0
lưng thun,34,57,8621757.0,1.56480643598195,11,4.018492620307845,7679000.0,51,23,0.391304347826087,942757.0,6
chất dày,34,2595,484801080.0,4.522615651734576,29,4.659241395929549,483904080.0,2592,5,3.730186335403727,897000.0,3
cotton compact,34,3653,770409000.0,4.651395403371976,34,4.651395403371976,770409000.0,3653,0,,0.0,0
phục hàng,34,2,442764.0,0.14705882352941177,0,,0.0,0,34,0.14705882352941177,442764.0,2
đẹp hàng,33,15,3131180.0,1.2766636936448257,5,3.6368327689082407,2244180.0,12,28,0.8552049302049303,887000.0,3
chuyển phát,33,4,1148356.0,0.36363636363636365,0,,0.0,0,33,0.36363636363636365,1148356.0,4
quốc dành,33,4,821103.0,0.8636363636363636,0,,0.0,0,33,0.8636363636363636,821103.0,4
âu thời,33,180,43020000.0,0.2973789208765576,1,4.813504388926401,43020000.0,180,32,0.15625,0.0,0
chéo nam,31,173,15924130.0,4.2796259267265775,9,4.802221225567915,15740000.0,170,22,4.065836940836941,184130.0,3
ba lô,33,117,26250000.0,4.475588904417922,33,4.475588904417922,26250000.0,117,0,,0.0,0
cấp haras,36,527,56871000.0,4.301410977747505,36,4.301410977747505,56871000.0,527,0,,0.0,0
xám mã,33,13,4464000.0,1.5656565656565655,0,,0.0,0,33,1.5656565656565655,4464000.0,13
màu basic,33,430,61670000.0,4.773019229298093,33,4.773019229298093,61670000.0,430,0,,0.0,0
bamboo slim,46,240,103586640.0,4.727657408571392,46,4.727657408571392,103586640.0,240,0,,0.0,0
bộ vest,30,54,27338430.0,2.9035971892136274,5,0.0,3200000.0,1,25,3.484316627056353,24138430.0,53
tay kẻ,33,44,11253800.0,2.1003352576079277,7,2.8241995477707067,5799800.0,31,26,1.9054487179487178,5454000.0,13
cấp cho,33,0,0.0,0.15151515151515152,0,,0.0,0,33,0.15151515151515152,0.0,0
hiện đại,33,1164,261310000.0,3.9178012725401854,27,4.418053407178745,261310000.0,1164,6,1.6666666666666667,0.0,0
cổ trung,32,1693,111903200.0,3.9878676024560455,5,4.944574877940913,109835000.0,1675,27,3.810699588477366,2068200.0,18
đồ bộ,32,270,139255000.0,4.081190204221574,19,4.139277410493247,138903000.0,267,13,3.9962935181322057,352000.0,3
siêu nhẹ,31,625,153389817.0,3.6343923834562317,20,4.654520315569281,152633000.0,623,11,1.7796143250688707,756817.0,2
rộng chất,32,250,43505670.0,2.039868694811858,13,4.682753710306112,43225670.0,249,19,0.23157894736842108,280000.0,1
không xù,32,638,115904610.0,3.4580538162578196,15,3.5492493155183125,111870240.0,629,17,3.377587199263267,4034370.0,9
chữ thời,19,3,114000.0,0.5263157894736842,1,5.0,114000.0,3,18,0.2777777777777778,0.0,0
chất thun,32,606,68560840.0,4.8337078861126805,23,4.827067521127643,68397600.0,602,9,4.850677707741111,163240.0,4
giãn thấm,9,133,15884000.0,4.938874910737024,8,4.931234274579151,15884000.0,133,1,5.0,0.0,0
nam rách,32,22,8378000.0,4.319606372096828,3,4.927236971484759,7380000.0,20,29,4.256748034229111,998000.0,2
dáng chữ,32,11,1607315.0,0.1875,0,,0.0,0,32,0.1875,1607315.0,11
khatoco sọc,32,12,3926000.0,2.015625,0,,0.0,0,32,2.015625,3926000.0,12
bun store,32,50,34190000.0,3.750942545840175,0,,0.0,0,32,3.750942545840175,34190000.0,50
nam hàn,42,56,15777260.0,3.4676800813548914,12,4.365275969441827,8881000.0,38,30,3.1086417261201174,6896260.0,18
khoá kéo,32,122,27018000.0,1.700299057119047,4,4.918181930636588,24983000.0,117,28,1.2406015037593985,2035000.0,5
short thời,32,0,0.0,0.0,0,,0.0,0,32,0.0,0.0,0
hàng hiệu,32,834,156023740.0,4.3517574923397175,23,4.57049080642982,94562740.0,527,9,3.7927723563316786,61461000.0,307
trung quốc,30,26,4100483.0,0.1696969696969697,0,,0.0,0,30,0.1696969696969697,4100483.0,26
fit navy,44,95,56429600.0,4.575159562659563,44,4.575159562659563,56429600.0,95,0,,0.0,0
thu hàng,32,0,0.0,0.0,0,,0.0,0,32,0.0,0.0,0
dáng regular,40,398,206511560.0,3.715725207283196,40,3.715725207283196,206511560.0,398,0,,0.0,0
cotton thoáng,31,2114,148294000.0,4.4352113164046845,28,4.910412528876614,148294000.0,2114,3,0.0,0.0,0
rộng nam,28,1140,206124000.0,4.53565475505596,28,4.53565475505596,206124000.0,1140,0,,0.0,0
caro khatoco,32,2,776000.0,3.0708085317460316,0,,0.0,0,32,3.0708085317460316,776000.0,2
dệt bản,31,10,4050500.0,1.268817204301075,0,,0.0,0,31,1.268817204301075,4050500.0,10
áo trẻ,31,2,317242.0,0.16129032258064516,0,,0.0,0,31,0.16129032258064516,317242.0,2
nam 4men,31,155,33187000.0,4.425662128101006,31,4.425662128101006,33187000.0,155,0,,0.0,0
ấm áp,31,571,119109000.0,2.8553379760471778,14,4.504317878064403,58801000.0,264,17,1.4973545273271096,60308000.0,307
dặn mềm,20,2107,364139340.0,4.735682391865803,19,4.743876201964002,363734340.0,2104,1,4.58,405000.0,3
mã a1mn388t2,31,6,2328000.0,2.9857270865335384,0,,0.0,0,31,2.9857270865335384,2328000.0,6
sleeve korean,31,0,0.0,0.0,0,,0.0,0,31,0.0,0.0,0
ngắn kẻ,30,41,11593320.0,3.0972272137366472,1,4.900943396226415,4776000.0,24,29,3.035030103995621,6817320.0,17
co giản,31,760,118371500.0,4.329653592404988,31,4.329653592404988,118371500.0,760,0,,0.0,0
lanh cotton,31,0,0.0,0.14640198511166252,0,,0.0,0,31,0.14640198511166252,0.0,0
khử mùi,30,8544,319595000.0,4.430324167040291,27,4.737397222637359,319595000.0,8544,3,1.6666666666666667,0.0,0
mi tay,32,73,10659000.0,0.8578227634599366,6,3.9639436273418838,8319000.0,43,26,0.14102564102564102,2340000.0,30
hè 24h,31,0,0.0,0.0,0,,0.0,0,31,0.0,0.0,0
trọng thanh,14,345,62015000.0,3.388525936690466,14,3.388525936690466,62015000.0,345,0,,0.0,0
khoác da,27,363,85665000.0,1.9484950396942682,4,3.6603260869565215,21749000.0,47,23,1.650785292344311,63916000.0,316
tiện lợi,31,3556,518912000.0,3.777725778121777,26,4.311903812375965,518912000.0,3556,5,1.0,0.0,0
đồ nam,30,6330,1338664900.0,4.541589653583052,21,4.9083641236542315,1336115000.0,6323,9,3.685782556750299,2549900.0,7
đông mới,30,1,147456.0,0.3333333333333333,0,,0.0,0,30,0.3333333333333333,147456.0,1
sịp chéo,30,20,471910.0,4.453444053063074,0,,0.0,0,30,4.453444053063074,471910.0,20
áo phao,27,247,111067250.0,2.557987047444763,5,4.851879702194358,108708000.0,242,22,2.0366478077289463,2359250.0,5
mũ trùm,30,103,38467720.0,1.6792847221751372,3,4.866079544983698,38009000.0,101,27,1.3251964085297419,458720.0,2
giờ trong,30,4,1148356.0,0.16666666666666666,0,,0.0,0,30,0.16666666666666666,1148356.0,4
vải đẹp,30,128,31489427.0,4.144329017422006,0,,0.0,0,30,4.144329017422006,31489427.0,128
phát nhanh,30,4,1148356.0,0.4,0,,0.0,0,30,0.4,1148356.0,4
giá ưu,30,224,48612000.0,4.882146259739349,30,4.882146259739349,48612000.0,224,0,,0.0,0
hình thêu,30,411,65013000.0,3.7918541897379106,14,4.1968304065812365,63447000.0,407,16,3.4375,1566000.0,4
basic dễ,24,417,90127000.0,4.896964844592335,24,4.896964844592335,90127000.0,417,0,,0.0,0
mặc nhà,28,717,67913200.0,4.01842012431215,12,4.487025333053073,67834000.0,716,16,3.6669662177564564,79200.0,1
dây rút,30,523,121023643.0,2.025248835748198,11,4.432496824767813,120885180.0,522,19,0.631578947368421,138463.0,1
dập vân,30,66,16372470.0,2.7814925298600977,5,4.917155141969738,5566000.0,24,25,2.3543600074381703,10806470.0,42
ưu đãi,30,224,48612000.0,4.882146259739349,30,4.882146259739349,48612000.0,224,0,,0.0,0
cao ống,30,1,187588.0,0.3,0,,0.0,0,30,0.3,187588.0,1
dáng suông,30,329,63610280.0,2.4438532602094596,13,4.803202374164234,50905800.0,237,17,0.6396451142440447,12704480.0,92
sleeved shirt,11,0,0.0,0.0,0,,0.0,0,11,0.0,0.0,0
levents classic,30,1197,622300000.0,3.3854864839427283,30,3.3854864839427283,622300000.0,1197,0,,0.0,0
dài thể,30,301,99193200.0,0.7872405828002843,3,4.880739161336177,99090000.0,300,27,0.3324074074074074,103200.0,1
hoodie nam,28,393,126839000.0,3.122983353406823,17,4.614325523258296,126041000.0,391,11,0.8181818181818182,798000.0,2
lanh ống,30,8,1242392.0,0.6666666666666666,0,,0.0,0,30,0.6666666666666666,1242392.0,8
mại co,2,0,0.0,2.5,1,5.0,0.0,0,1,0.0,0.0,0
không tay,29,0,0.0,0.034482758620689655,0,,0.0,0,29,0.034482758620689655,0.0,0
quần bò,28,160,59170000.0,3.3564139427545383,3,4.924629547580367,58671000.0,159,25,3.1682280701754384,499000.0,1
cấp mềm,20,454,89114020.0,3.7104894580355916,16,3.7214451558778228,88614020.0,452,4,3.666666666666667,500000.0,2
nam form,29,656,110405000.0,4.17179148805946,23,4.405012455959029,110405000.0,656,6,3.277777777777778,0.0,0
fit đen,37,136,70382280.0,4.641414141414141,37,4.641414141414141,70382280.0,136,0,,0.0,0
váy jean,30,4,642130.0,0.5,0,,0.0,0,30,0.5,642130.0,4
phao nam,26,845,412393250.0,3.4334314879419288,11,4.440452387477065,411118000.0,842,15,2.694949494949495,1275250.0,3
đậm mã,29,22,5056000.0,2.2413793103448274,0,,0.0,0,29,2.2413793103448274,5056000.0,22
cotton thấm,22,1291,175210000.0,4.600464559696282,22,4.600464559696282,175210000.0,1291,0,,0.0,0
giãn thoáng,5,315,23740400.0,3.9527933761854284,4,4.940991720231786,23740400.0,315,1,0.0,0.0,0
nhiều túi,29,13,3237000.0,0.5078369905956113,1,4.7272727272727275,3237000.0,13,28,0.35714285714285715,0.0,0
sọc thời,29,602,42319655.0,1.1657537719015911,5,4.919266613871334,41817000.0,600,24,0.3837719298245614,502655.0,2
hong kong,29,0,0.0,0.034482758620689655,0,,0.0,0,29,0.034482758620689655,0.0,0
men áo,27,0,0.0,0.0,0,,0.0,0,27,0.0,0.0,0
nữ unisex,29,374,63129578.0,3.7476708453055467,22,3.410628536873887,62400000.0,369,7,4.806946671805049,729578.0,5
rộng thêu,29,2,328654.0,0.4827586206896552,0,,0.0,0,29,0.4827586206896552,328654.0,2
mã a1md398t1,29,3,1194000.0,1.2672413793103448,0,,0.0,0,29,1.2672413793103448,1194000.0,3
tất cổ,27,3647,271991000.0,3.8570916004736198,18,4.9549140599199735,271991000.0,3647,9,1.6614466815809097,0.0,0
áo blazer,29,59,27447000.0,3.0145907965741388,21,3.972530147650001,27447000.0,59,8,0.5,0.0,0
tinh tế,29,233,47270000.0,3.6328288448044974,20,4.584268491633187,47270000.0,233,9,1.5185185185185186,0.0,0
slimfit generos,29,0,0.0,0.0,0,,0.0,0,29,0.0,0.0,0
sweater cổ,29,2,500000.0,0.1724137931034483,1,5.0,500000.0,2,28,0.0,0.0,0
cao thời,29,3,490523.0,0.5172413793103449,0,,0.0,0,29,0.5172413793103449,490523.0,3
basic unisex,29,379,81678000.0,4.6796478112820274,29,4.6796478112820274,81678000.0,379,0,,0.0,0
xanh đen,28,310,54313800.0,2.4416128856394343,11,4.033196436173105,50371800.0,301,17,1.411764705882353,3942000.0,9
giày lười,29,24,13108844.0,1.4261083743842367,0,,0.0,0,29,1.4261083743842367,13108844.0,24
mã a2mn398r2,28,9,3582000.0,3.232142857142857,0,,0.0,0,28,3.232142857142857,3582000.0,9
chất mềm,28,325,34316860.0,4.117577310074152,22,4.4462347582761925,34213660.0,324,6,2.9125,103200.0,1
dáng thời,27,933,172897000.0,1.4560837557264434,8,4.914282675576747,172897000.0,933,19,0.0,0.0,0
phù hợp,28,211,25860736.0,2.069799498443188,10,4.777791536817397,25485000.0,209,18,0.565359477124183,375736.0,2
khoác cardigan,28,2,439660.0,0.17857142857142858,0,,0.0,0,28,0.17857142857142858,439660.0,2
cho béquần,28,2,317242.0,0.0,0,,0.0,0,28,0.0,317242.0,2
công nghệ,28,1061,142038000.0,4.9007433970049945,28,4.9007433970049945,142038000.0,1061,0,,0.0,0
5s chất,1,0,0.0,4.8927038626609445,1,4.8927038626609445,0.0,0,0,,0.0,0
ngắn họa,28,68,10359000.0,1.525796977094496,1,4.9187439300744575,9035000.0,65,27,1.4001322751322751,1324000.0,3
tây slim,29,100,61349000.0,4.525705329153605,29,4.525705329153605,61349000.0,100,0,,0.0,0
tiếng chất,28,0,0.0,0.25,0,,0.0,0,28,0.25,0.0,0
mã a1mn538t2,28,4,2152000.0,1.9285714285714286,0,,0.0,0,28,1.9285714285714286,2152000.0,4
tay in,27,11,1565229.0,0.8074074074074075,1,4.8,792000.0,8,26,0.6538461538461539,773229.0,3
dài cổ,26,0,0.0,0.0,0,,0.0,0,26,0.0,0.0,0
tay màu,16,0,0.0,0.1875,0,,0.0,0,16,0.1875,0.0,0
bền màu,27,455,185981000.0,4.159288060589125,26,4.319260678304091,185981000.0,455,1,0.0,0.0,0
nữ cổ,28,2656,137953900.0,3.757096657657582,25,3.847948256576492,137953900.0,2656,3,3.0,0.0,0
ôm vừa,28,383,158901150.0,4.517751910137649,25,4.883882139354167,158294950.0,378,3,1.4666666666666668,606200.0,5
ống đứng,28,0,0.0,1.0052398152243354,0,,0.0,0,28,1.0052398152243354,0.0,0
khí thương,4,406,40419000.0,4.9159202721568835,4,4.9159202721568835,40419000.0,406,0,,0.0,0
thêu chữ,28,65,14569000.0,1.7470653861051144,8,4.7631663513679,14569000.0,65,20,0.540625,0.0,0
chống thấm,28,1184,209065000.0,3.474318743106065,19,4.392494494484479,208834000.0,1183,9,1.5359477124183007,231000.0,1
hiệu 84rising,28,1535,216062000.0,4.925570836705388,28,4.925570836705388,216062000.0,1535,0,,0.0,0
đôi vớ,28,24,2765700.0,3.7618950989486706,0,,0.0,0,28,3.7618950989486706,2765700.0,24
đủ size,28,1976,362376292.0,4.688080271351658,22,4.8654295551011595,361769660.0,1955,6,4.037799564270153,606632.0,21
có khóa,28,131,66598500.0,1.4726980918001957,8,4.904443321300685,66598500.0,131,20,0.1,0.0,0
combo túi,28,10,1370000.0,4.238491070863382,28,4.238491070863382,1370000.0,10,0,,0.0,0
rộng màu,25,3,306000.0,0.19315750915750915,1,4.828937728937729,306000.0,3,24,0.0,0.0,0
học sinh,28,259,29300000.0,2.7320912987549693,24,3.1457731818807972,29300000.0,259,4,0.25,0.0,0
nước hoa,28,1437,243259000.0,4.018742748074154,28,4.018742748074154,243259000.0,1437,0,,0.0,0
túi ngực,28,6,1955000.0,3.7852226642405213,3,4.929477466977468,1566000.0,5,25,3.647912087912088,389000.0,1
phiên bản,28,1932,474498000.0,2.9639721792294322,16,4.910165599365792,474498000.0,1932,12,0.36904761904761907,0.0,0
xanh navy,27,112,38554720.0,2.9117820669680565,15,4.574541053875836,38404720.0,107,12,0.8333333333333334,150000.0,5
ngắn in,27,1,135724.0,0.3333333333333333,0,,0.0,0,27,0.3333333333333333,135724.0,1
vải nhung,27,70,16269968.0,1.877854384390332,8,4.236042861042861,6045000.0,22,19,0.8849329205366359,10224968.0,48
lịch sự,27,1349,525820500.0,4.346892487605353,23,4.608308572406284,525235500.0,1348,4,2.84375,585000.0,1
máy phát,27,4,1148356.0,0.18518518518518517,0,,0.0,0,27,0.18518518518518517,1148356.0,4
nhất 2023,27,3250,475508010.0,4.5485697235949765,27,4.5485697235949765,475508010.0,3250,0,,0.0,0
đứng vải,26,2389,236575000.0,3.8733484808954204,24,3.9877941876367053,236575000.0,2389,2,2.5,0.0,0
xanh trắng,27,56,12999200.0,2.707116606124389,12,4.871315394082904,12029200.0,52,15,0.9757575757575758,970000.0,4
cotton cao,27,273,42140500.0,4.516369363413859,21,4.883964310683858,41868500.0,271,6,3.229787047968866,272000.0,2
âu mỹ,28,1,357981.0,0.0,0,,0.0,0,28,0.0,357981.0,1
dài vải,26,10,1250000.0,0.18396663577386468,0,,0.0,0,26,0.18396663577386468,1250000.0,10
mát mềm,3,128,19840000.0,4.890261367704976,2,4.942534908700322,19840000.0,128,1,4.785714285714286,0.0,0
hồ bấm,27,3,1187364.0,0.0,0,,0.0,0,27,0.0,1187364.0,3
rách gối,26,2,998000.0,4.288959146832015,5,3.956342182890855,0.0,0,21,4.368153662056101,998000.0,2
nữ màu,4,59,2191000.0,4.91258445945946,4,4.91258445945946,2191000.0,59,0,,0.0,0
khí co,14,643,82955200.0,4.915345333956508,14,4.915345333956508,82955200.0,643,0,,0.0,0
tính haras,27,13,1337000.0,4.349688949149011,27,4.349688949149011,1337000.0,13,0,,0.0,0
nam trung,27,18,4662000.0,0.690843621399177,0,,0.0,0,27,0.690843621399177,4662000.0,18
mỏng dáng,27,0,0.0,0.48148148148148145,0,,0.0,0,27,0.48148148148148145,0.0,0
cổ chữ,27,11,2150592.0,0.8630802748449808,2,4.882352941176471,1943500.0,10,25,0.5415384615384615,207092.0,1
bấm giờ,27,3,1187364.0,0.0,0,,0.0,0,27,0.0,1187364.0,3
nam befoyi,27,30,5349640.0,2.1944052518126593,0,,0.0,0,27,2.1944052518126593,5349640.0,30
thêu hình,27,1,177406.0,0.18518518518518517,0,,0.0,0,27,0.18518518518518517,177406.0,1
hiện chuyển,27,4,1148356.0,0.18518518518518517,0,,0.0,0,27,0.18518518518518517,1148356.0,4
phát hiện,27,4,1148356.0,0.18518518518518517,0,,0.0,0,27,0.18518518518518517,1148356.0,4
cvc spandex,27,147,78245000.0,3.754673721340388,27,3.754673721340388,78245000.0,147,0,,0.0,0
xanh rêu,27,25,14331600.0,2.7685185185185186,11,4.068181818181818,13863600.0,24,16,1.875,468000.0,1
dễ mặc,27,1513,315880500.0,4.377766285112937,26,4.546141911463435,315880500.0,1513,1,0.0,0.0,0
hình in,27,43,11171000.0,1.803054353054353,7,4.823685837971553,10373000.0,41,20,0.7458333333333333,798000.0,2
tay áo,22,33,5183000.0,1.934161792578609,6,4.9521959330575935,4991000.0,29,16,0.8023989898989898,192000.0,4
nam cộc,28,34,5182000.0,1.733425691965725,7,4.906045324517463,4992000.0,32,21,0.6758858144484788,190000.0,2
nam phananh,24,14,3134000.0,3.171803567879149,0,,0.0,0,24,3.171803567879149,3134000.0,14
nổi bật,26,1730,278695000.0,4.3597702780895045,23,4.7110446621881366,278695000.0,1730,3,1.6666666666666667,0.0,0
tiết màu,26,6,2748000.0,0.5384615384615384,0,,0.0,0,26,0.5384615384615384,2748000.0,6
cổ polo,26,1273,78330100.0,2.2019892728560992,3,4.871503930644331,76985100.0,1269,23,1.8537917087967644,1345000.0,4
lớn thời,26,117,17175480.0,1.2514634319098843,6,4.735680381251371,5211000.0,29,20,0.206198347107438,11964480.0,88
quần ngắn,26,7,1710542.0,0.5717302331652108,2,4.9324930311477395,796000.0,4,24,0.20833333333333334,914542.0,3
mịn thoáng,6,22,3652200.0,3.209279758481886,4,2.4701696377228295,3549000.0,21,2,4.6875,103200.0,1
cấp xuất,26,1,499000.0,3.527058029689609,0,,0.0,0,26,3.527058029689609,499000.0,1
ngắn dành,26,30,1420244.0,2.7107267732267735,0,,0.0,0,26,2.7107267732267735,1420244.0,30
mềm mát,21,655,64493000.0,4.427151162106161,21,4.427151162106161,64493000.0,655,0,,0.0,0
lạnh mỏng,26,1,167576.0,0.5256410256410257,0,,0.0,0,26,0.5256410256410257,167576.0,1
đi biển,26,19,2211699.0,2.0048774373083393,5,4.925362674003365,1617200.0,15,21,1.3095238095238095,594499.0,4
hoa cổ,26,0,0.0,0.19230769230769232,0,,0.0,0,26,0.19230769230769232,0.0,0
tay phong,26,29,6911000.0,1.301386113886114,3,4.8977272727272725,4937000.0,23,23,0.8322981366459627,1974000.0,6
phối tay,26,1273,232364000.0,3.43650093173983,18,4.254532353598359,232074000.0,1272,8,1.5959302325581395,290000.0,1
thấm nước,25,1175,204952000.0,3.295166782624965,15,4.237042676923962,204721000.0,1174,10,1.8823529411764706,231000.0,1
tay thêu,26,3,645000.0,0.5760808534531162,1,4.978102189781022,645000.0,3,25,0.4,0.0,0
váy chữ,26,18,1799291.0,0.42200854700854695,1,4.972222222222222,1520000.0,16,25,0.24,279291.0,2
dáng dài,24,417,77791800.0,3.22042583368248,11,4.9525200007617745,77791800.0,417,13,1.7548076923076923,0.0,0
nam ống,25,184,54952000.0,2.5182641524092872,8,4.850578245525945,47078000.0,132,17,1.420704579177919,7874000.0,52
cách hong,25,0,0.0,0.04,0,,0.0,0,25,0.04,0.0,0
ống côn,25,716,86486000.0,4.277071082756702,9,4.801150464990666,81313000.0,683,16,3.9822764302500966,5173000.0,33
bò nam,25,48,18002000.0,3.364949381650848,3,4.972677595628415,17503000.0,47,22,3.145713716108453,499000.0,1
thun và,25,0,0.0,0.0,0,,0.0,0,25,0.0,0.0,0
cho trẻ,25,27,819900.0,1.6766666666666667,0,,0.0,0,25,1.6766666666666667,819900.0,27
tay chất,22,907,175414910.0,4.665870511047028,14,4.895905970095934,174699910.0,899,8,4.263308457711442,715000.0,8
guzado mẫu,24,1362,175200000.0,4.6991820442526056,24,4.6991820442526056,175200000.0,1362,0,,0.0,0
nam kojiba,25,222,22539000.0,4.755219720385875,25,4.755219720385875,22539000.0,222,0,,0.0,0
cao cổ,24,1733,187475256.0,2.817570883323698,12,4.764771396277026,186143800.0,1730,12,0.8703703703703703,1331456.0,3
sweater dệt,25,0,0.0,0.0,0,,0.0,0,25,0.0,0.0,0
xanh dương,24,21,5314470.0,1.4124767814927388,3,4.773809523809524,2280000.0,12,21,0.9322863897331982,3034470.0,9
đa năng,25,307,38476800.0,2.567604762174203,12,4.70334325452959,37135000.0,299,13,0.5961538461538461,1341800.0,8
cổ tàu,25,397,82565000.0,3.7687016183058812,12,4.392768672376224,82375000.0,395,13,3.19263972224095,190000.0,2
tay slimfit,29,0,0.0,0.0,0,,0.0,0,29,0.0,0.0,0
nét bản,25,8,2592000.0,0.6,0,,0.0,0,25,0.6,2592000.0,8
nam xanh,24,36,15884000.0,2.425375575768419,5,2.9743589743589745,1796000.0,4,19,2.2809062603498527,14088000.0,32
bản đẹp,25,1,289000.0,0.9581538461538461,0,,0.0,0,25,0.9581538461538461,289000.0,1
thu 24h,25,0,0.0,0.0,0,,0.0,0,25,0.0,0.0,0
hình rồng,25,0,0.0,0.0,0,,0.0,0,25,0.0,0.0,0
hot trend,25,4,586000.0,2.764157509157509,1,4.828937728937729,306000.0,3,24,2.678125,280000.0,1
cấp chống,19,4070,1107904000.0,3.8788446591265315,17,4.3351793249061235,1107904000.0,4070,2,0.0,0.0,0
cấp chất,18,37,7707900.0,3.9882584594706887,8,4.165939727086362,7604700.0,36,10,3.846113445378151,103200.0,1
kế mới,25,30,6113064.0,0.19594202898550728,1,4.898550724637682,5771000.0,29,24,0.0,342064.0,1
ví da,25,97,10164000.0,3.603006341726457,25,3.603006341726457,10164000.0,97,0,,0.0,0
xanh than,25,35,15345630.0,2.5409142857142855,1,4.746666666666667,165000.0,1,24,2.4490079365079365,15180630.0,34
dáng trẻ,19,899,163503000.0,4.29972476734625,16,4.6059231612236715,163503000.0,899,3,2.6666666666666665,0.0,0
owen regular,31,98,59436400.0,4.268347192733031,31,4.268347192733031,59436400.0,98,0,,0.0,0
thao cổ,24,302,24477800.0,3.916023745519713,5,3.971913978494624,23006000.0,292,19,3.901315789473684,1471800.0,10
phẩm gồm,25,0,0.0,0.0,0,,0.0,0,25,0.0,0.0,0
bộ sản,25,0,0.0,0.0,0,,0.0,0,25,0.0,0.0,0
bạn nữ,25,0,0.0,0.2,0,,0.0,0,25,0.2,0.0,0
kết hợp,25,66,12932500.0,3.405568543084455,24,3.3599672323796406,12932500.0,66,1,4.5,0.0,0
quốc chất,22,94,14911270.0,3.444467171393694,13,4.828182539135115,14424630.0,93,9,1.4457671957671958,486640.0,1
len mềm,26,1395,202004790.0,4.2722497226326706,23,4.4145928541561865,193754790.0,1362,3,3.1809523809523816,8250000.0,33
bé gái,25,70,6672820.0,3.9579778630077636,12,4.95412054793284,5220000.0,60,13,3.0384615384615383,1452820.0,10
2023 dành,25,6,937673.0,0.4,0,,0.0,0,25,0.4,937673.0,6
găng tay,12,328,30582000.0,3.3334538645875345,2,4.9589033659066235,20382000.0,258,10,3.008363964323717,10200000.0,70
caro mã,24,15,7230000.0,3.487847222222222,0,,0.0,0,24,3.487847222222222,7230000.0,15
form dáng,24,660,123660000.0,4.546194517858225,20,4.70543342142987,123660000.0,660,4,3.75,0.0,0
vải nỉ,24,122,30446100.0,3.8227690150943823,15,4.827541535262124,30026800.0,121,9,2.148148148148148,419300.0,1
áo jacket,24,128,86190000.0,2.6369761904761906,18,3.2381904761904767,84490000.0,126,6,0.8333333333333334,1700000.0,2
trùm đầu,24,4,1226720.0,1.9160596348096348,0,,0.0,0,24,1.9160596348096348,1226720.0,4
sợi lông,24,286,66563930.0,1.8413462816003243,7,4.884615822629684,62025930.0,283,17,0.5882352941176471,4538000.0,3
hai lớp,24,338,99939250.0,2.1125641046431647,11,4.154685319221451,99799000.0,337,13,0.38461538461538464,140250.0,1
jogger nam,24,2522,429216350.0,4.402224852471555,21,4.554923640919872,429216350.0,2522,3,3.3333333333333335,0.0,0
rộng in,24,3,501499.0,0.20833333333333334,0,,0.0,0,24,0.20833333333333334,501499.0,3
chéo cá,24,12,1208000.0,4.319003271322317,24,4.319003271322317,1208000.0,12,0,,0.0,0
nam thun,21,176,22239424.0,4.68110658677297,8,4.825565046689304,22210200.0,174,13,4.592209072978303,29224.0,2
tuyết mưa,24,39,11256434.0,3.670120411946732,9,4.886463007484585,8186000.0,28,15,2.94031485462402,3070434.0,11
viền bản,24,4,1666000.0,1.4583333333333333,0,,0.0,0,24,1.4583333333333333,1666000.0,4
tròn in,22,0,0.0,0.4462809917355372,1,4.818181818181818,0.0,0,21,0.23809523809523808,0.0,0
vải dạ,24,76,12844000.0,2.154381591199463,2,4.852579094393556,12844000.0,76,22,1.9090909090909092,0.0,0
trơn thời,24,31,2249000.0,0.5283844942935852,2,4.8406139315230226,2249000.0,31,22,0.13636363636363635,0.0,0
liệu cao,24,579,57307610.0,4.763144845964883,14,4.895567932187995,57307610.0,579,10,4.577752525252525,0.0,0
cách sang,24,578,107922000.0,3.7908733371498418,22,4.135498185981645,107922000.0,578,2,0.0,0.0,0
lạnh cao,24,809,88656940.0,4.286838164495979,7,4.735826087795736,88591160.0,804,17,4.101960784313725,65780.0,5
nam đẹp,23,21,12980500.0,3.1681379049857306,4,2.484375,560000.0,2,19,3.312087990245885,12420500.0,19
bello land,24,252,19424000.0,4.9131148783006315,24,4.9131148783006315,19424000.0,252,0,,0.0,0
khoác dù,22,440,163900000.0,2.883723895175979,14,4.031566120990824,163900000.0,440,8,0.875,0.0,0
trung thanh,7,161,30012000.0,4.938471432273858,7,4.938471432273858,30012000.0,161,0,,0.0,0
routine áo,24,0,0.0,2.636574074074074,0,,0.0,0,24,2.636574074074074,0.0,0
gym vải,24,757,101281000.0,4.930622672482056,24,4.930622672482056,101281000.0,757,0,,0.0,0
tổ ong,22,4132,826786700.0,4.0783686381182385,19,4.4942514055404175,826712000.0,4131,3,1.4444444444444444,74700.0,1
mát thoáng,7,117,28141000.0,2.8396501457725947,5,3.9755102040816324,28141000.0,117,2,0.0,0.0,0
phananh 4mans,1,0,0.0,5.0,0,,0.0,0,1,5.0,0.0,0
liệu polyester,21,67,40443000.0,2.7253968253968255,21,2.7253968253968255,40443000.0,67,0,,0.0,0
mát trẻ,1,0,0.0,4.85,0,,0.0,0,1,4.85,0.0,0
dễ thương,23,30,3845383.0,3.8657816366754454,6,4.9098910840932115,3554100.0,19,17,3.4972724199397627,291283.0,11
mại thấm,7,1692,211279000.0,4.966321767493191,7,4.966321767493191,211279000.0,1692,0,,0.0,0
xả kho,23,10,4475450.0,3.3871668683689142,0,,0.0,0,23,3.3871668683689142,4475450.0,10
24h thời,20,0,0.0,0.0,0,,0.0,0,20,0.0,0.0,0
nhung dày,22,4,968753.0,0.4090909090909091,1,5.0,200000.0,1,21,0.19047619047619047,768753.0,3
phông nam,22,111,15107000.0,3.3616927220352832,13,4.9197876834443255,15107000.0,111,9,1.1111111111111112,0.0,0
thao ống,22,1,177406.0,0.22727272727272727,0,,0.0,0,22,0.22727272727272727,177406.0,1
mỏng nhẹ,22,283,88417900.0,1.7493959668807177,7,4.783815895910827,86716200.0,272,15,0.3333333333333333,1701700.0,11
khoác len,22,286,76953200.0,3.2878450559303447,17,4.254858307674564,76269200.0,285,5,0.0,684000.0,1
phẩm outlet,23,195,41411000.0,4.897972298312545,23,4.897972298312545,41411000.0,195,0,,0.0,0
balo unisex,23,59,8371000.0,4.698627851260622,23,4.698627851260622,8371000.0,59,0,,0.0,0
thun oversize,23,676,131428500.0,4.871505411700597,23,4.871505411700597,131428500.0,676,0,,0.0,0
ấm trong,23,0,0.0,0.0,0,,0.0,0,23,0.0,0.0,0
sát nách,23,939,111198840.0,3.645846514068867,17,4.932615871975526,111198840.0,939,6,0.0,0.0,0
owen slim,29,161,82775510.0,4.501666087535653,29,4.501666087535653,82775510.0,161,0,,0.0,0
cách mới,23,0,0.0,0.21739130434782608,0,,0.0,0,23,0.21739130434782608,0.0,0
màu chất,10,4,953900.0,3.9277408354646206,6,4.879568059107702,953900.0,4,4,2.5,0.0,0
rằn ri,23,2,128000.0,0.43251596950339993,1,4.947867298578199,128000.0,2,22,0.22727272727272727,0.0,0
cấp bun,23,30,20800000.0,3.757933057280883,0,,0.0,0,23,3.757933057280883,20800000.0,30
bóng rổ,23,1320,225197500.0,2.982606092331113,13,4.908058415440309,225197500.0,1320,10,0.47951807228915666,0.0,0
free ship,23,2,630000.0,2.2971542006774395,0,,0.0,0,23,2.2971542006774395,630000.0,2
rộng lưng,23,1,143337.0,0.21739130434782608,0,,0.0,0,23,0.21739130434782608,143337.0,1
korean casual,23,0,0.0,0.0,0,,0.0,0,23,0.0,0.0,0
nhăn không,11,241,23806651.0,3.0521673852920412,6,4.762306873035409,23663000.0,240,5,1.0,143651.0,1
thỏ mềm,23,126,24319760.0,4.790423277584335,23,4.790423277584335,24319760.0,126,0,,0.0,0
quốc 24h,23,0,0.0,0.043478260869565216,0,,0.0,0,23,0.043478260869565216,0.0,0
đen thời,23,366,14550019.0,0.9755859662620476,2,4.844238612013548,13673000.0,361,21,0.6071428571428571,877019.0,5
màu vàng,22,16,2122878.0,2.856472088935621,4,3.6668464891459154,1013000.0,13,18,2.676388888888889,1109878.0,3
owen màu,22,37,19775000.0,2.3747122442774615,22,2.3747122442774615,19775000.0,37,0,,0.0,0
đường may,22,857,126711000.0,4.080903300223411,17,4.93558074146559,126312000.0,856,5,1.175,399000.0,1
cổ tim,22,639,102067280.0,4.603229637521484,19,4.604491459987283,91513280.0,599,3,4.595238095238096,10554000.0,40
ngắn màu,19,3,1444000.0,2.6008771929824563,0,,0.0,0,19,2.6008771929824563,1444000.0,3
áo vest,21,53,23015140.0,2.7567143427325798,3,0.0,0.0,0,18,3.2161667331880093,23015140.0,53
unisex cổ,22,2656,229930000.0,3.7872096096708163,20,4.165930570637898,229930000.0,2656,2,0.0,0.0,0
suông rộng,22,72,12005040.0,1.3874511566966476,6,3.9206542412210417,12005040.0,72,16,0.4375,0.0,0
quần nỉ,21,977,288378180.0,2.0768597744475192,6,4.820291261848369,287481180.0,974,15,0.9794871794871796,897000.0,3
túi du,22,18,2422000.0,3.942203170299145,22,3.942203170299145,2422000.0,18,0,,0.0,0
màu tím,22,79,31440560.0,3.4990876584433512,14,4.784280606125266,31440560.0,79,8,1.25,0.0,0
phối khóa,22,340,54292475.0,1.8455336826183222,5,4.920348203520617,53604000.0,336,17,0.9411764705882353,688475.0,4
cách năng,22,55,6253356.0,0.822422303587886,3,4.808874670755608,5105000.0,51,19,0.19298245614035087,1148356.0,4
mi denim,22,0,0.0,2.9946702244116037,1,5.0,0.0,0,21,2.8991783303359657,0.0,0
kim cương,22,147,38680752.0,1.7329295920791048,8,4.140556378217538,38233350.0,145,14,0.35714285714285715,447402.0,2
trượt nước,22,1510,687992000.0,4.622575291185311,22,4.622575291185311,687992000.0,1510,0,,0.0,0
xuất xịn,22,9480,2850767072.0,4.921275769444484,16,4.933534074290513,2850743000.0,9479,6,4.888586956521739,24072.0,1
slimfit màu,22,44,25113000.0,4.317018213876641,20,4.255862892407162,24585000.0,43,2,4.928571428571429,528000.0,1
caro màu,22,3,1214000.0,0.9090909090909091,0,,0.0,0,22,0.9090909090909091,1214000.0,3
dệt hoạ,22,0,0.0,0.0,0,,0.0,0,22,0.0,0.0,0
nam mix,23,1,79384.0,4.321256038647343,0,,0.0,0,23,4.321256038647343,79384.0,1
trơn màu,20,891,171215000.0,2.466394893984085,7,3.5162303093422844,171046000.0,890,13,1.9010989010989012,169000.0,1
len ghile,22,1341,245033950.0,4.285987965252789,22,4.285987965252789,245033950.0,1341,0,,0.0,0
xách du,22,69,10831000.0,4.530743301553476,22,4.530743301553476,10831000.0,69,0,,0.0,0
quốc của,22,1,499000.0,3.460424704035079,0,,0.0,0,22,3.460424704035079,499000.0,1
khoác denim,22,4,1164953.0,0.9090909090909091,2,5.0,538000.0,2,20,0.5,626953.0,2
ấm tốt,22,821,253014100.0,4.225107391093186,22,4.225107391093186,253014100.0,821,0,,0.0,0
thêu logo,22,323,68347000.0,1.595187996212584,8,4.261766989584606,68347000.0,323,14,0.07142857142857142,0.0,0
nỉ cổ,16,1002,285433000.0,1.549073012232416,1,4.868501529051988,285285000.0,1001,15,1.327777777777778,148000.0,1
form ôm,22,1663,274523516.0,3.58655521515937,14,4.921729623821866,274235900.0,1662,8,1.25,287616.0,1
lanh mỏng,22,0,0.0,0.18181818181818182,0,,0.0,0,22,0.18181818181818182,0.0,0
thun nữ,22,1236,72861440.0,2.3317693825017822,15,3.4199284276692814,72861440.0,1236,7,0.0,0.0,0
cotton dày,22,503,102180380.0,3.768458900963124,19,4.363478727430985,102180380.0,503,3,0.0,0.0,0
mã a1md498t1,22,0,0.0,0.22727272727272727,0,,0.0,0,22,0.22727272727272727,0.0,0
mới áo,16,0,0.0,0.3125,0,,0.0,0,16,0.3125,0.0,0
2023 mới,21,6,932512.0,0.19047619047619047,0,,0.0,0,21,0.19047619047619047,932512.0,6
cách đường,21,2,291498.0,0.0,0,,0.0,0,21,0.0,291498.0,2
nam bản,12,7,2724200.0,2.4583333333333335,0,,0.0,0,12,2.4583333333333335,2724200.0,7
cách mỹ,21,1,279000.0,0.23809523809523808,0,,0.0,0,21,0.23809523809523808,279000.0,1
cách doanh,21,17,2625480.0,0.6155202821869489,0,,0.0,0,21,0.6155202821869489,2625480.0,17
tròn thời,21,1,150000.0,0.47619047619047616,1,5.0,150000.0,1,20,0.25,0.0,0
viền tay,21,11689,940616000.0,3.2418902380739922,14,4.8628353571109875,940616000.0,11689,7,0.0,0.0,0
nam co,76,5753,805209900.0,3.599140011636212,38,4.913304764612956,804991500.0,5750,38,2.284975258659469,218400.0,3
đen mã,21,16,5940000.0,3.555555555555556,0,,0.0,0,21,3.555555555555556,5940000.0,16
cách âu,21,1,357981.0,0.0,0,,0.0,0,21,0.0,357981.0,1
động trẻ,14,1339,256643356.0,1.2412939053971732,4,4.344528668890106,255495000.0,1335,10,0.0,1148356.0,4
cấp form,18,560,86844000.0,4.8991198397231654,18,4.8991198397231654,86844000.0,560,0,,0.0,0
siêu mát,21,893,140837500.0,4.940024655470024,21,4.940024655470024,140837500.0,893,0,,0.0,0
doanh nhân,21,17,2625480.0,0.6155202821869489,0,,0.0,0,21,0.6155202821869489,2625480.0,17
tất nam,21,14411,321846000.0,4.378787825706204,17,4.3200712356762905,321441000.0,14408,4,4.628333333333334,405000.0,3
vải tuyết,21,34,10035434.0,3.7222011057169007,7,4.865928628670658,6965000.0,23,14,3.1503373442400213,3070434.0,11
cao màu,21,1,137019.0,0.23809523809523808,0,,0.0,0,21,0.23809523809523808,137019.0,1
tương phản,21,0,0.0,0.0,0,,0.0,0,21,0.0,0.0,0
trang mới,21,0,0.0,0.48773448773448774,1,4.909090909090909,0.0,0,20,0.2666666666666667,0.0,0
mới 2022,21,0,0.0,0.23809523809523808,0,,0.0,0,21,0.23809523809523808,0.0,0
giờ 24h,21,2,571640.0,0.7142857142857143,0,,0.0,0,21,0.7142857142857143,571640.0,2
của routine,21,1,499000.0,4.278868351460172,0,,0.0,0,21,4.278868351460172,499000.0,1
nhiệt nam,21,4965,977555040.0,4.570632964908555,14,4.9088530300694915,967715000.0,4888,7,3.894192834586682,9840040.0,77
hình thời,21,50,1486000.0,2.0089815541327005,8,4.773576579598339,1486000.0,50,13,0.3076923076923077,0.0,0
xám đậm,21,22,8415000.0,2.848566308243728,7,3.545698924731183,5386000.0,8,14,2.5,3029000.0,14
giãn thời,21,4,1008668.0,1.3257575757575757,0,,0.0,0,21,1.3257575757575757,1008668.0,4
bằng lụa,21,2,293765.0,0.41269841269841273,0,,0.0,0,21,0.41269841269841273,293765.0,2
routine quần,20,1,499000.0,3.9075126262626263,0,,0.0,0,20,3.9075126262626263,499000.0,1
white size,21,1,186000.0,0.0,0,,0.0,0,21,0.0,186000.0,1
nam rough,21,3952,648226000.0,4.574616343278759,21,4.574616343278759,648226000.0,3952,0,,0.0,0
nam tam,21,2797,577720780.0,4.939465602376543,15,4.917632795708112,577638700.0,2796,6,4.9940476190476195,82080.0,1
form suông,21,230,43291340.0,4.418412662964725,21,4.418412662964725,43291340.0,230,0,,0.0,0
thun thể,21,3231,446231000.0,3.9757449356498844,17,4.911214332273388,446231000.0,3231,4,0.0,0.0,0
chữ phong,16,2,278000.0,0.6220969945355191,1,4.953551912568306,278000.0,2,15,0.3333333333333333,0.0,0
thu mới,21,2,452712.0,0.47619047619047616,0,,0.0,0,21,0.47619047619047616,452712.0,2
ôm co,21,39,6138000.0,0.7039318220001606,3,4.927522754001124,6138000.0,39,18,0.0,0.0,0
tiết chữ,21,2265,224897000.0,4.223792947502899,18,4.372202883197826,224897000.0,2265,3,3.3333333333333335,0.0,0
denim lưng,21,0,0.0,0.23809523809523808,0,,0.0,0,21,0.23809523809523808,0.0,0
retro mỹ,21,2,837224.0,0.0,0,,0.0,0,21,0.0,837224.0,2
ôm body,21,1191,182947500.0,3.4923790176430844,14,4.524282812178913,182549500.0,1189,7,1.4285714285714286,398000.0,2
quần khaki,21,70,45245000.0,4.621804782519068,20,4.612895021645022,45245000.0,70,1,4.8,0.0,0
tiết rằn,21,2,128000.0,0.47370796659896186,1,4.947867298578199,128000.0,2,20,0.25,0.0,0
khuẩn cực,21,5166,90373000.0,4.730557269027457,20,4.7170851324788305,90373000.0,5166,1,5.0,0.0,0
nhập khẩu,21,305,69676110.0,3.9395985986108983,14,4.5463026598211105,69506110.0,304,7,2.726190476190476,170000.0,1
nỉ dài,21,712,214872000.0,1.1777013014756865,3,4.910575776996472,212772000.0,708,18,0.5555555555555556,2100000.0,4
hoạt hình,20,15,590283.0,3.937778753524256,0,,0.0,0,20,3.937778753524256,590283.0,15
gió thể,20,795,192377130.0,4.914176252812279,19,4.909659213486609,192377130.0,795,1,5.0,0.0,0
nam thoáng,20,411,49224700.0,2.92632319788672,9,4.928268994109079,49150000.0,410,11,1.2883675464320625,74700.0,1
giãn 4chiều,20,4,380517.0,4.469806763285024,0,,0.0,0,20,4.469806763285024,380517.0,4
nam bamboo,20,4,1672000.0,1.25,0,,0.0,0,20,1.25,1672000.0,4
cực chất,20,1,79200.0,1.430851063829787,0,,0.0,0,20,1.430851063829787,79200.0,1
có khoá,21,122,26138000.0,2.096617057520387,2,4.899094488579449,20991000.0,109,19,1.8016194331983804,5147000.0,13
balo du,20,11,1420000.0,4.498724836801786,20,4.498724836801786,1420000.0,11,0,,0.0,0
mịn co,2,1,146000.0,4.951923076923077,0,,0.0,0,2,4.951923076923077,146000.0,1
cotton and,20,5,926304.0,1.0,0,,0.0,0,20,1.0,926304.0,5
bomber vải,12,29,4071000.0,3.2270735461598687,3,4.574960851306143,2475000.0,25,9,2.7777777777777777,1596000.0,4
giờ giao,19,0,0.0,0.0,0,,0.0,0,19,0.0,0.0,0
chất lông,20,210,42584310.0,4.504388838957041,19,4.484981181620138,42394310.0,209,1,4.873134328358209,190000.0,1
vớ thể,20,68,8191800.0,4.3898639896373055,2,4.961139896373057,6931000.0,55,18,4.326388888888889,1260800.0,13
dáng đẹp,20,55,11552850.0,3.936295737716988,10,4.904139094481595,10457220.0,52,10,2.968452380952381,1095630.0,3
mới 2019,20,1,499000.0,2.6375,0,,0.0,0,20,2.6375,499000.0,1
hàng xuất,20,4,718000.0,3.8435285614561936,0,,0.0,0,20,3.8435285614561936,718000.0,4
dáng vải,1,1,109000.0,4.7823529411764705,1,4.7823529411764705,109000.0,1,0,,0.0,0
trendy màu,20,57,25090000.0,4.070742753623188,20,4.070742753623188,25090000.0,57,0,,0.0,0
màu đẹp,20,204,12967480.0,4.397109049672152,9,4.3253631055516415,12821000.0,193,11,4.455810276679842,146480.0,11
guzado vải,20,704,108947000.0,4.375728620347072,20,4.375728620347072,108947000.0,704,0,,0.0,0
bamboo generos,20,4,1672000.0,1.25,0,,0.0,0,20,1.25,1672000.0,4
lót tam,20,3365,406537440.0,4.177872744535759,8,4.926961554825988,406292000.0,3356,12,3.6784802043422733,245440.0,9
bạn nam,20,1,135724.0,0.25,0,,0.0,0,20,0.25,135724.0,1
tiện ích,20,142,10768000.0,3.850231158153644,20,3.850231158153644,10768000.0,142,0,,0.0,0
ghi chất,18,54,29984640.0,2.6694444444444443,17,2.5323529411764705,29984640.0,54,1,5.0,0.0,0
ôm phong,20,0,0.0,0.0,0,,0.0,0,20,0.0,0.0,0
polo thể,20,3005,544017000.0,4.412451886112921,18,4.902724317903246,544017000.0,3005,2,0.0,0.0,0
regularfit màu,20,41,21783000.0,4.810176399360946,20,4.810176399360946,21783000.0,41,0,,0.0,0
rough chất,20,3180,514975000.0,4.323919081724557,20,4.323919081724557,514975000.0,3180,0,,0.0,0
tiện dụng,20,34,7576000.0,4.591864554637282,19,4.570383741723455,7576000.0,34,1,5.0,0.0,0
tay form,16,63,16438616.0,2.648846102641804,8,4.172692205283608,16151000.0,62,8,1.125,287616.0,1
khatoco ngắn,20,15,6230000.0,2.4604166666666667,0,,0.0,0,20,2.4604166666666667,6230000.0,15
quần cotton,19,0,0.0,0.47368421052631576,1,5.0,0.0,0,18,0.2222222222222222,0.0,0
quần baggy,19,377,70924400.0,3.299835933101765,18,3.483160151607419,70924400.0,377,1,0.0,0.0,0
liệu cá,19,337,60733000.0,4.261517352747999,19,4.261517352747999,60733000.0,337,0,,0.0,0
kim tay,19,2,439660.0,0.0,0,,0.0,0,19,0.0,439660.0,2
trắng đen,12,43,9249960.0,3.1754033269583513,5,4.800967984700042,9249960.0,43,7,2.0142857142857147,0.0,0
xanh lá,19,29,10869000.0,3.408759880470407,10,4.482893772893773,9915000.0,26,9,2.2152777777777777,954000.0,3
cách nhật,19,35,3465000.0,0.24420375698087662,2,2.319935691318328,3465000.0,35,17,0.0,0.0,0
cao xếp,19,0,0.0,0.10526315789473684,0,,0.0,0,19,0.10526315789473684,0.0,0
2019 áo,1,0,0.0,0.0,0,,0.0,0,1,0.0,0.0,0
rộng kiểu,19,292,58390600.0,3.033354855517354,14,4.116695875344981,58390600.0,292,5,0.0,0.0,0
mát thiết,1,2,218000.0,5.0,1,5.0,218000.0,2,0,,0.0,0
siêu dày,19,22,14203250.0,3.269849771357181,4,3.5649782338308458,4193000.0,7,15,3.1911488480308705,10010250.0,15
ly màu,19,16,7584000.0,2.374812629660275,0,,0.0,0,19,2.374812629660275,7584000.0,16
phông cổ,19,86,17126000.0,2.8542750156022465,3,4.924901185770751,16517000.0,83,16,2.4660326086956523,609000.0,3
áo ba,19,2350,196310488.0,3.8170927335715583,13,4.546270486448041,195190000.0,2345,6,2.2372076023391814,1120488.0,5
regular 4men,19,26,8228000.0,3.2459514170040484,19,3.2459514170040484,8228000.0,26,0,,0.0,0
quần legging,21,389,56024000.0,2.328572799688148,9,4.922978717163117,48869000.0,336,12,0.3827683615819209,7155000.0,53
tia uv,19,482,180782000.0,3.8668704055466905,15,3.898035847025808,180782000.0,482,4,3.75,0.0,0
polo unisex,19,949,161583000.0,4.87106087916082,19,4.87106087916082,161583000.0,949,0,,0.0,0
không ly,19,20,9646000.0,4.427444208607643,0,,0.0,0,19,4.427444208607643,9646000.0,20
kích thước,19,26,4083225.0,0.8889952153110048,0,,0.0,0,19,0.8889952153110048,4083225.0,26
cấp phong,17,17,3784450.0,2.6065606046733514,8,4.288941284930871,3784450.0,17,9,1.1111111111111112,0.0,0
quảng châu,17,9,2993000.0,2.260939741750359,3,0.0,0.0,0,14,2.745426829268293,2993000.0,9
fom rộng,19,5,625000.0,1.9039265811693056,10,1.2738890756502517,625000.0,5,9,2.603968253968254,0.0,0
top white,19,0,0.0,0.0,0,,0.0,0,19,0.0,0.0,0
logo thêu,18,194,30846000.0,2.160942760942761,7,4.842424242424243,30846000.0,194,11,0.45454545454545453,0.0,0
kéo bản,19,3,1197000.0,1.0526315789473684,0,,0.0,0,19,1.0526315789473684,1197000.0,3
sukiya japan,19,529,84103650.0,4.373970991258377,19,4.373970991258377,84103650.0,529,0,,0.0,0
ngẫu nhiên,19,2440,536265480.0,4.330553159476051,5,4.795541619535564,536119000.0,2429,14,4.164485852311939,146480.0,11
dáng thể,19,3237,406976000.0,4.562051144109519,18,4.815498429893381,406976000.0,3237,1,0.0,0.0,0
cotton cá,19,629,111354000.0,4.867071122276805,18,4.859686184625516,111354000.0,629,1,5.0,0.0,0
fashion màu,17,161,11393000.0,4.951989496561025,17,4.951989496561025,11393000.0,161,0,,0.0,0
lớp phối,19,2381,235765000.0,3.9859754146359547,18,4.207418493226841,235765000.0,2381,1,0.0,0.0,0
sukiya hàng,19,538,95428030.0,4.850850783267918,19,4.850850783267918,95428030.0,538,0,,0.0,0
nam đen,17,22,5818000.0,3.6475901562440076,2,4.96987951807229,5319000.0,21,15,3.4712849080002366,499000.0,1
đen thương,7,56,12107000.0,4.239164347546067,6,4.9456917388037445,12107000.0,56,1,0.0,0.0,0
bộ nam,19,1132,178576000.0,3.5681659837800206,9,4.362289888527709,178304000.0,1130,10,2.853454469507101,272000.0,2
feaer denim,19,727,156593000.0,4.941715424511043,19,4.941715424511043,156593000.0,727,0,,0.0,0
giờ áo,7,1,337953.0,0.7142857142857143,0,,0.0,0,7,0.7142857142857143,337953.0,1
kế đơn,19,107,20193000.0,2.4421479198761187,8,4.091767976372449,20193000.0,107,11,1.2424242424242424,0.0,0
chống tia,19,278,90058000.0,3.0085991859609695,15,3.1442256355505616,90058000.0,278,4,2.5,0.0,0
chất đẹp,19,41,8108000.0,3.422982073427894,12,3.1072216162608313,7608000.0,39,7,3.9642857142857144,500000.0,2
kế trơn,19,1108,240101000.0,4.688381201974835,19,4.688381201974835,240101000.0,1108,0,,0.0,0
quần lửng,19,17,2723646.0,1.2542906562180096,1,4.926760563380282,2385000.0,15,18,1.0502645502645502,338646.0,2
dáng đứng,19,41,8667000.0,4.3261426460992025,19,4.3261426460992025,8667000.0,41,0,,0.0,0
sweater nam,19,2041,383972000.0,4.3705162439492,19,4.3705162439492,383972000.0,2041,0,,0.0,0
tiết caro,18,23,8954240.0,2.192179544822626,7,4.922747400972466,8954240.0,23,11,0.45454545454545453,0.0,0
from rộng,18,674,68858940.0,4.502169236106436,18,4.502169236106436,68858940.0,674,0,,0.0,0
nam polo,21,1487,465410000.0,3.5264328381112184,12,4.921257466694633,465410000.0,1487,9,1.6666666666666667,0.0,0
denim nam,18,0,0.0,3.1045969409475154,0,,0.0,0,18,3.1045969409475154,0.0,0
giãn vận,17,8746,742582000.0,4.890015817230324,17,4.890015817230324,742582000.0,8746,0,,0.0,0
giãn chuẩn,15,849,78219000.0,4.625100226830313,14,4.955464528746765,78219000.0,849,1,0.0,0.0,0
da cao,19,465,85313000.0,3.9761800717992353,13,4.739722067802065,77813000.0,455,6,2.32183908045977,7500000.0,10
fit be,18,49,25629540.0,4.644312169312169,18,4.644312169312169,25629540.0,49,0,,0.0,0
coolmate cw,18,1673,383145000.0,4.882940554359448,18,4.882940554359448,383145000.0,1673,0,,0.0,0
hở vai,18,2,287905.0,0.2777777777777778,0,,0.0,0,18,0.2777777777777778,287905.0,2
mềm co,6,106,16578000.0,4.162037037037037,5,4.9944444444444445,16578000.0,106,1,0.0,0.0,0
kong thời,18,0,0.0,0.0,0,,0.0,0,18,0.0,0.0,0
