title,link
78.28.152.113:80,78.28.152.113:80
13.81.217.201:80,13.81.217.201:80
1.224.3.122:3889,1.224.3.122:3889
114.156.77.107:8080,114.156.77.107:8080
195.114.209.50:80,195.114.209.50:80
157.245.97.60:80,157.245.97.60:80
188.121.103.205:80,188.121.103.205:80
103.133.221.251:80,103.133.221.251:80
198.49.68.80:80,198.49.68.80:80
20.205.61.143:80,20.205.61.143:80
183.100.14.134:8000,183.100.14.134:8000
91.209.11.132:80,91.209.11.132:80
173.212.195.139:80,173.212.195.139:80
82.165.21.59:80,82.165.21.59:80
153.92.214.224:80,153.92.214.224:80
143.110.232.177:80,143.110.232.177:80
142.44.210.174:80,142.44.210.174:80
200.105.215.22:33630,200.105.215.22:33630
146.83.205.10:8085,146.83.205.10:8085
100.19.135.109:80,100.19.135.109:80
